order_month,category,gmv_brl,gmv_usd,mom_growth_pct
2016-09,health_beauty,143.46,28.68,
2016-09,furniture_decor,136.23,27.24,
2016-09,telephony,75.06,15.01,
2016-09,unknown,,,
2016-10,furniture_decor,7052.28,1410.43,5076.75
2016-10,perfumery,6223.84,1244.79,
2016-10,health_beauty,5493.38,1098.69,3729.21
2016-10,toys,4986.08,997.21,
2016-10,consoles_games,4089.42,817.88,
2016-10,sports_leisure,3927.11,785.42,
2016-10,watches_gifts,3468.04,693.61,
2016-10,auto,2257.56,451.5,
2016-10,air_conditioning,1904.91,381.01,
2016-10,baby,1819.08,363.8,
2016-10,computers_accessories,1740.09,348.0,
2016-10,office_furniture,1587.55,317.5,
2016-10,market_place,1579.18,315.83,
2016-10,housewares,1542.54,308.52,
2016-10,garden_tools,1465.19,293.03,
2016-10,electronics,1347.57,269.52,
2016-10,cool_stuff,1327.11,265.41,
2016-10,pet_shop,775.86,155.17,
2016-10,fixed_telephony,774.45,154.89,
2016-10,fashion_bags_accessories,656.49,131.3,
2016-10,telephony,633.98,126.78,744.63
2016-10,bed_bath_table,606.58,121.32,
2016-10,industry_commerce_and_business,433.56,86.7,
2016-10,books_technical,299.84,59.97,
2016-10,audio,183.03,36.61,
2016-10,diapers_and_hygiene,150.99,30.2,
2016-10,books_general_interest,144.54,28.91,
2016-10,food,96.23,19.25,
2016-10,unknown,95.92,19.18,
2016-10,fashio_female_clothing,69.63,13.93,
2016-10,fashion_shoes,40.95,8.19,
2016-10,fashion_male_clothing,35.86,7.17,
2016-12,fashion_bags_accessories,19.62,3.92,-97.01
2017-01,furniture_decor,16461.75,3292.3,133.42
2017-01,health_beauty,14039.74,2807.94,155.58
2017-01,sports_leisure,11447.27,2289.4,191.49
2017-01,garden_tools,9225.17,1845.03,529.62
2017-01,cool_stuff,8730.86,1746.2,557.89
2017-01,watches_gifts,8310.83,1662.16,139.64
2017-01,baby,7139.93,1427.98,292.5
2017-01,consoles_games,6393.53,1278.73,56.34
2017-01,auto,5844.21,1168.81,158.87
2017-01,perfumery,5654.01,1130.81,-9.16
2017-01,toys,5570.38,1114.09,11.72
2017-01,bed_bath_table,4817.27,963.44,694.17
2017-01,computers_accessories,4377.6,875.52,151.57
2017-01,telephony,3411.51,682.3,438.11
2017-01,housewares,3269.76,653.96,111.97
2017-01,home_appliances_2,2268.6,453.73,
2017-01,computers,2217.99,443.6,
2017-01,fashion_bags_accessories,2136.61,427.27,10789.96
2017-01,unknown,1915.73,383.16,1897.22
2017-01,office_furniture,1817.74,363.56,14.5
2017-01,small_appliances,1788.25,357.64,
2017-01,stationery,1754.61,350.91,
2017-01,furniture_living_room,1519.22,303.87,
2017-01,pet_shop,1182.39,236.45,52.4
2017-01,fixed_telephony,969.56,193.91,25.19
2017-01,electronics,772.43,154.47,-42.68
2017-01,air_conditioning,738.36,147.68,-61.24
2017-01,luggage_accessories,565.38,113.08,
2017-01,market_place,548.22,109.65,-65.28
2017-01,musical_instruments,357.74,71.55,
2017-01,construction_tools_construction,335.0,67.0,
2017-01,books_general_interest,271.55,54.31,87.87
2017-01,security_and_services,209.06,41.81,
2017-01,fashion_underwear_beach,171.15,34.23,
2017-01,fashion_male_clothing,159.11,31.82,343.7
2017-01,furniture_bedroom,148.76,29.72,
2017-01,kitchen_dining_laundry_garden_furniture,128.2,25.64,
2017-01,agro_industry_and_commerce,107.76,21.55,
2017-01,fashio_female_clothing,102.81,20.56,47.65
2017-01,home_comfort_2,95.57,19.11,
2017-01,food,78.82,15.76,-18.09
2017-01,fashion_shoes,49.01,9.8,19.68
2017-01,dvds_blu_ray,47.8,9.56,
2017-01,music,37.24,7.44,
2017-02,furniture_decor,26262.32,5252.4,59.54
2017-02,health_beauty,26130.08,5225.91,86.12
2017-02,sports_leisure,19389.03,3877.76,69.38
2017-02,bed_bath_table,19297.79,3859.67,300.6
2017-02,auto,15195.67,3039.09,160.01
2017-02,cool_stuff,14857.05,2971.36,70.17
2017-02,garden_tools,14745.3,2949.05,59.84
2017-02,housewares,14207.49,2841.42,334.51
2017-02,office_furniture,13900.0,2780.01,664.69
2017-02,computers_accessories,13744.35,2748.78,213.97
2017-02,watches_gifts,12370.67,2474.13,48.85
2017-02,toys,10601.29,2120.21,90.32
2017-02,unknown,10090.89,2018.2,426.74
2017-02,perfumery,8944.28,1788.87,58.19
2017-02,telephony,8647.34,1729.43,153.48
2017-02,small_appliances,8022.25,1604.45,348.61
2017-02,furniture_living_room,4841.4,968.24,218.68
2017-02,consoles_games,4637.96,927.6,-27.46
2017-02,pet_shop,4510.88,902.15,281.51
2017-02,baby,3714.29,742.84,-47.98
2017-02,computers,3602.47,720.49,62.42
2017-02,air_conditioning,3439.71,687.93,365.86
2017-02,fashion_bags_accessories,2950.25,589.98,38.08
2017-02,stationery,2646.03,529.22,50.8
2017-02,musical_instruments,2465.25,493.04,589.12
2017-02,luggage_accessories,2136.16,427.25,277.83
2017-02,market_place,2122.5,424.5,287.16
2017-02,electronics,1555.5,311.09,101.38
2017-02,fixed_telephony,1124.89,224.98,16.02
2017-02,books_general_interest,950.02,190.0,249.85
2017-02,tablets_printing_image,940.52,188.11,
2017-02,food,930.2,186.04,1080.16
2017-02,home_appliances,855.4,171.08,
2017-02,home_construction,764.57,152.91,
2017-02,fashion_male_clothing,763.02,152.61,379.56
2017-02,costruction_tools_garden,624.68,124.94,
2017-02,fashio_female_clothing,519.77,103.95,405.56
2017-02,fashion_underwear_beach,507.83,101.58,196.72
2017-02,furniture_bedroom,501.88,100.38,237.38
2017-02,home_confort,471.27,94.26,
2017-02,construction_tools_safety,396.86,79.37,
2017-02,construction_tools_construction,393.57,78.72,17.48
2017-02,agro_industry_and_commerce,331.1,66.21,207.26
2017-02,audio,247.85,49.57,35.41
2017-02,books_technical,182.4,36.48,-39.17
2017-02,kitchen_dining_laundry_garden_furniture,178.33,35.67,39.1
2017-02,fashion_shoes,157.37,31.47,221.1
2017-02,industry_commerce_and_business,134.94,26.99,-68.88
2017-02,books_imported,114.9,22.98,
2017-02,cine_photo,95.24,19.05,
2017-02,dvds_blu_ray,35.7,7.14,-25.31
2017-02,home_appliances_2,30.11,6.02,-98.67
2017-03,computers_accessories,31873.84,6374.74,131.91
2017-03,sports_leisure,31309.6,6261.9,61.48
2017-03,bed_bath_table,30650.01,6129.91,58.83
2017-03,health_beauty,29852.87,5970.48,14.25
2017-03,furniture_decor,29506.43,5901.28,12.35
2017-03,watches_gifts,28066.55,5613.27,126.88
2017-03,garden_tools,27004.32,5400.81,83.14
2017-03,cool_stuff,23389.43,4677.87,57.43
2017-03,perfumery,21595.4,4319.07,141.44
2017-03,housewares,17180.85,3435.86,20.93
2017-03,auto,16755.73,3351.12,10.27
2017-03,office_furniture,14463.49,2892.68,4.05
2017-03,toys,14354.03,2870.75,35.4
2017-03,small_appliances,12028.55,2405.71,49.94
2017-03,consoles_games,11743.86,2348.74,153.21
2017-03,telephony,10731.96,2146.34,24.11
2017-03,pet_shop,9151.69,1830.35,102.88
2017-03,unknown,7791.09,1558.17,-22.79
2017-03,luggage_accessories,7378.39,1475.67,245.4
2017-03,stationery,6994.89,1398.96,164.35
2017-03,fashion_bags_accessories,5893.33,1178.59,99.76
2017-03,electronics,4655.16,931.04,199.27
2017-03,baby,4486.33,897.24,20.79
2017-03,air_conditioning,4390.56,878.15,27.64
2017-03,furniture_living_room,4035.67,807.15,-16.64
2017-03,food,3158.99,631.8,239.6
2017-03,books_general_interest,3087.56,617.51,225.0
2017-03,home_confort,2380.79,476.15,405.19
2017-03,market_place,2075.96,415.18,-2.19
2017-03,dvds_blu_ray,1963.43,392.7,5399.8
2017-03,fixed_telephony,1919.13,383.81,70.61
2017-03,musical_instruments,1887.51,377.5,-23.44
2017-03,fashion_shoes,1746.18,349.21,1009.6
2017-03,audio,1367.4,273.47,451.7
2017-03,construction_tools_construction,895.42,179.09,127.51
2017-03,fashion_male_clothing,721.36,144.26,-5.46
2017-03,home_construction,718.69,143.72,-6.0
2017-03,tablets_printing_image,587.91,117.59,-37.49
2017-03,drinks,568.43,113.68,
2017-03,home_appliances_2,568.43,113.69,1787.84
2017-03,home_appliances,466.25,93.23,-45.49
2017-03,fashion_underwear_beach,460.62,92.12,-9.3
2017-03,construction_tools_safety,425.76,85.15,7.28
2017-03,home_comfort_2,390.89,78.18,309.01
2017-03,art,320.84,64.17,
2017-03,industry_commerce_and_business,282.03,56.4,109.0
2017-03,kitchen_dining_laundry_garden_furniture,169.05,33.82,-5.2
2017-03,food_drink,168.89,33.77,
2017-03,agro_industry_and_commerce,110.69,22.13,-66.57
2017-03,books_technical,103.74,20.75,-43.13
2017-03,signaling_and_security,91.23,18.25,
2017-03,fashion_sport,54.01,10.8,
2017-03,music,42.51,8.5,14.15
2017-03,fashio_female_clothing,30.86,6.17,-94.06
2017-04,sports_leisure,29121.39,5824.25,-6.99
2017-04,bed_bath_table,29007.36,5801.45,-5.36
2017-04,health_beauty,26397.99,5279.53,-11.57
2017-04,furniture_decor,26128.42,5225.65,-11.45
2017-04,watches_gifts,25153.31,5030.62,-10.38
2017-04,cool_stuff,24393.33,4878.75,4.29
2017-04,small_appliances,24109.81,4821.98,100.44
2017-04,garden_tools,23468.07,4693.56,-13.1
2017-04,computers_accessories,23180.46,4636.08,-27.27
2017-04,perfumery,21648.98,4329.81,0.25
2017-04,housewares,18356.26,3671.14,6.84
2017-04,auto,17799.93,3559.99,6.23
2017-04,toys,14983.58,2996.67,4.39
2017-04,office_furniture,11164.03,2232.8,-22.81
2017-04,unknown,10483.25,2096.57,34.55
2017-04,telephony,9523.97,1904.73,-11.26
2017-04,luggage_accessories,8639.74,1727.89,17.1
2017-04,pet_shop,7126.84,1425.36,-22.13
2017-04,electronics,5611.49,1122.27,20.54
2017-04,stationery,5197.2,1039.41,-25.7
2017-04,baby,4862.85,972.55,8.39
2017-04,market_place,4538.03,907.59,118.6
2017-04,musical_instruments,4114.27,822.84,117.97
2017-04,consoles_games,4072.8,814.54,-65.32
2017-04,fashion_bags_accessories,3996.73,799.3,-32.18
2017-04,fixed_telephony,3168.77,633.77,65.11
2017-04,air_conditioning,2873.57,574.72,-34.55
2017-04,home_confort,2712.95,542.61,13.95
2017-04,furniture_living_room,2526.11,505.24,-37.41
2017-04,fashion_shoes,1946.37,389.25,11.46
2017-04,home_construction,1696.94,339.4,136.12
2017-04,costruction_tools_garden,1680.57,336.1,169.03
2017-04,dvds_blu_ray,1466.34,293.27,-25.32
2017-04,tablets_printing_image,1312.23,262.44,123.2
2017-04,kitchen_dining_laundry_garden_furniture,1282.1,256.41,658.41
2017-04,books_general_interest,1142.79,228.57,-62.99
2017-04,audio,1103.95,220.8,-19.27
2017-04,furniture_bedroom,1091.28,218.25,117.44
2017-04,home_appliances_2,946.97,189.4,66.59
2017-04,costruction_tools_tools,748.27,149.65,
2017-04,home_appliances,635.57,127.09,36.32
2017-04,food,611.15,122.22,-80.65
2017-04,fashion_male_clothing,504.63,100.91,-30.04
2017-04,drinks,329.17,65.85,-42.09
2017-04,fashion_sport,244.47,48.89,352.64
2017-04,signaling_and_security,183.65,36.72,101.3
2017-04,cine_photo,166.31,33.26,74.62
2017-04,fashion_underwear_beach,159.67,31.93,-65.34
2017-04,art,147.17,29.43,-54.13
2017-04,furniture_mattress_and_upholstery,130.8,26.16,
2017-04,christmas_supplies,93.97,18.79,
2017-04,music,88.84,17.76,108.99
2017-04,fashio_female_clothing,87.74,17.55,184.32
2017-04,books_technical,86.92,17.38,-16.21
2017-04,food_drink,80.78,16.15,-52.17
2017-04,la_cuisine,34.81,6.96,
2017-04,books_imported,33.43,6.69,-70.91
2017-04,home_comfort_2,23.86,4.77,-93.9
2017-05,health_beauty,52801.02,10560.24,100.02
2017-05,computers_accessories,51306.32,10261.26,121.33
2017-05,sports_leisure,42376.95,8475.41,45.52
2017-05,watches_gifts,40377.04,8075.44,60.52
2017-05,bed_bath_table,39705.14,7941.2,36.88
2017-05,cool_stuff,38518.39,7703.71,57.91
2017-05,furniture_decor,29971.21,5994.27,14.71
2017-05,housewares,27045.6,5409.19,47.34
2017-05,toys,26091.14,5218.28,74.13
2017-05,garden_tools,24100.0,4820.05,2.69
2017-05,perfumery,22397.27,4479.45,3.46
2017-05,auto,21631.7,4326.33,21.53
2017-05,luggage_accessories,14860.09,2972.05,72.0
2017-05,unknown,12853.37,2570.68,22.61
2017-05,telephony,12650.96,2530.28,32.83
2017-05,baby,11727.82,2345.54,141.17
2017-05,musical_instruments,10534.16,2106.83,156.04
2017-05,office_furniture,10019.71,2003.92,-10.25
2017-05,pet_shop,9646.52,1929.32,35.35
2017-05,fashion_bags_accessories,9168.27,1833.7,129.39
2017-05,electronics,7958.75,1591.73,41.83
2017-05,art,7365.95,1473.18,4905.06
2017-05,stationery,7147.63,1429.53,37.53
2017-05,furniture_living_room,6240.77,1248.15,147.05
2017-05,home_confort,5895.17,1179.08,117.3
2017-05,small_appliances,5727.35,1145.47,-76.24
2017-05,home_appliances_2,3453.39,690.66,264.68
2017-05,consoles_games,2947.24,589.42,-27.64
2017-05,market_place,2859.28,571.83,-36.99
2017-05,furniture_bedroom,2658.95,531.79,143.65
2017-05,home_appliances,2371.03,474.19,273.06
2017-05,audio,2333.19,466.65,111.35
2017-05,books_general_interest,2199.17,439.83,92.44
2017-05,fashion_shoes,2014.89,402.98,3.52
2017-05,costruction_tools_garden,1806.55,361.31,7.5
2017-05,agro_industry_and_commerce,1763.74,352.74,1493.41
2017-05,home_construction,1731.6,346.32,2.04
2017-05,kitchen_dining_laundry_garden_furniture,1637.21,327.46,27.7
2017-05,tablets_printing_image,1607.02,321.41,22.46
2017-05,air_conditioning,1186.69,237.34,-58.7
2017-05,costruction_tools_tools,834.3,166.86,11.5
2017-05,signaling_and_security,775.94,155.19,322.51
2017-05,furniture_mattress_and_upholstery,731.88,146.38,459.54
2017-05,fashion_male_clothing,676.21,135.25,34.0
2017-05,food_drink,630.41,126.08,680.4
2017-05,fixed_telephony,607.63,121.51,-80.82
2017-05,industry_commerce_and_business,552.22,110.45,95.8
2017-05,fashio_female_clothing,485.63,97.14,453.49
2017-05,food,452.25,90.44,-26.0
2017-05,fashion_underwear_beach,369.26,73.86,131.26
2017-05,books_technical,316.46,63.3,264.08
2017-05,la_cuisine,232.19,46.44,567.02
2017-05,fashion_sport,179.48,35.9,-26.58
2017-05,dvds_blu_ray,150.6,30.13,-89.73
2017-05,construction_tools_construction,149.4,29.88,-83.32
2017-05,fashion_childrens_clothes,124.52,24.9,
2017-05,drinks,112.95,22.59,-65.69
2017-05,cine_photo,91.71,18.34,-44.86
2017-05,arts_and_craftmanship,29.66,5.93,
2017-06,cool_stuff,42730.63,8546.15,10.94
2017-06,bed_bath_table,41684.51,8337.04,4.99
2017-06,computers_accessories,41621.82,8324.57,-18.88
2017-06,sports_leisure,39043.92,7808.82,-7.87
2017-06,health_beauty,37276.48,7455.34,-29.4
2017-06,auto,33693.74,6738.75,55.76
2017-06,watches_gifts,30918.54,6183.68,-23.43
2017-06,housewares,29857.93,5971.77,10.4
2017-06,perfumery,26938.58,5387.8,20.28
2017-06,furniture_decor,22017.99,4403.56,-26.54
2017-06,garden_tools,18596.95,3719.33,-22.83
2017-06,toys,18238.11,3647.71,-30.1
2017-06,small_appliances,10342.28,2068.45,80.58
2017-06,luggage_accessories,10294.04,2058.8,-30.73
2017-06,baby,9258.05,1851.55,-21.06
2017-06,telephony,9177.4,1835.57,-27.46
2017-06,office_furniture,9095.8,1819.18,-9.22
2017-06,fashion_bags_accessories,8134.62,1627.0,-11.27
2017-06,unknown,6648.57,1329.75,-48.27
2017-06,pet_shop,6445.03,1289.0,-33.19
2017-06,consoles_games,5954.62,1190.93,102.04
2017-06,musical_instruments,5515.32,1103.09,-47.64
2017-06,stationery,4176.05,835.2,-41.57
2017-06,home_confort,3352.7,670.56,-43.13
2017-06,home_appliances,3143.6,628.73,32.58
2017-06,electronics,2725.04,545.03,-65.76
2017-06,books_general_interest,2337.34,467.46,6.28
2017-06,air_conditioning,2288.52,457.69,92.85
2017-06,furniture_living_room,2242.91,448.56,-64.06
2017-06,home_construction,2141.18,428.25,23.65
2017-06,audio,1818.24,363.66,-22.07
2017-06,fashion_shoes,1735.87,347.18,-13.85
2017-06,market_place,1491.86,298.38,-47.82
2017-06,home_appliances_2,1435.07,287.01,-58.44
2017-06,agro_industry_and_commerce,1422.05,284.41,-19.37
2017-06,fixed_telephony,1141.43,228.3,87.85
2017-06,music,1141.12,228.22,1184.47
2017-06,fashion_male_clothing,754.82,150.97,11.63
2017-06,tablets_printing_image,679.17,135.84,-57.74
2017-06,art,631.79,126.38,-91.42
2017-06,fashion_sport,607.49,121.51,238.47
2017-06,kitchen_dining_laundry_garden_furniture,542.59,108.52,-66.86
2017-06,costruction_tools_garden,500.4,100.08,-72.3
2017-06,construction_tools_construction,475.31,95.03,218.15
2017-06,furniture_bedroom,351.68,70.33,-86.77
2017-06,signaling_and_security,345.4,69.08,-55.49
2017-06,industry_commerce_and_business,342.17,68.44,-38.04
2017-06,christmas_supplies,246.25,49.24,162.05
2017-06,dvds_blu_ray,199.74,39.95,32.63
2017-06,fashio_female_clothing,199.3,39.86,-58.96
2017-06,books_technical,188.53,37.7,-40.43
2017-06,food,171.79,34.36,-62.01
2017-06,books_imported,129.2,25.84,286.48
2017-06,fashion_childrens_clothes,118.96,23.79,-4.47
2017-06,cine_photo,112.91,22.58,23.12
2017-06,small_appliances_home_oven_and_coffee,88.65,17.73,
2017-06,food_drink,82.78,16.56,-86.87
2017-06,drinks,69.2,13.84,-38.73
2017-06,home_comfort_2,28.0,5.6,17.35
2017-06,fashion_underwear_beach,19.0,3.8,-94.85
2017-07,bed_bath_table,74629.84,14926.1,79.03
2017-07,sports_leisure,46324.06,9264.79,18.65
2017-07,computers_accessories,44599.21,8919.92,7.15
2017-07,cool_stuff,42328.6,8465.76,-0.94
2017-07,health_beauty,40419.76,8083.99,8.43
2017-07,watches_gifts,39585.76,7917.21,28.03
2017-07,furniture_decor,30630.86,6126.12,39.12
2017-07,toys,28179.86,5636.08,54.51
2017-07,housewares,25596.16,5119.25,-14.27
2017-07,garden_tools,24251.57,4850.15,30.41
2017-07,office_furniture,21267.13,4253.42,133.81
2017-07,baby,18502.49,3700.52,99.85
2017-07,auto,16490.82,3298.19,-51.06
2017-07,perfumery,14775.53,2955.17,-45.15
2017-07,telephony,11204.83,2241.01,22.09
2017-07,luggage_accessories,10305.01,2061.01,0.11
2017-07,musical_instruments,9223.92,1844.76,67.24
2017-07,electronics,9103.81,1820.86,234.08
2017-07,stationery,8449.04,1689.83,102.32
2017-07,pet_shop,8318.98,1663.82,29.08
2017-07,consoles_games,6553.58,1310.69,10.06
2017-07,fashion_bags_accessories,6467.55,1293.57,-20.49
2017-07,home_confort,5401.43,1080.32,61.11
2017-07,small_appliances,5386.15,1077.23,-47.92
2017-07,furniture_living_room,5375.86,1075.2,139.68
2017-07,home_appliances,4336.18,867.22,37.94
2017-07,unknown,4033.96,806.82,-39.33
2017-07,market_place,1799.95,360.0,20.65
2017-07,fashion_shoes,1760.7,352.14,1.43
2017-07,kitchen_dining_laundry_garden_furniture,1657.56,331.5,205.49
2017-07,furniture_bedroom,1596.63,319.33,354.0
2017-07,books_general_interest,1545.28,309.06,-33.89
2017-07,air_conditioning,1493.13,298.63,-34.76
2017-07,home_appliances_2,1306.88,261.37,-8.93
2017-07,agro_industry_and_commerce,1199.47,239.89,-15.65
2017-07,audio,883.23,176.65,-51.42
2017-07,fashion_male_clothing,860.33,172.09,13.98
2017-07,dvds_blu_ray,830.99,166.21,316.04
2017-07,construction_tools_construction,822.97,164.57,73.14
2017-07,food,754.19,150.85,339.02
2017-07,signaling_and_security,684.79,136.95,98.26
2017-07,books_technical,580.88,116.17,208.11
2017-07,la_cuisine,559.23,111.85,140.85
2017-07,costruction_tools_garden,473.37,94.65,-5.4
2017-07,art,424.9,84.98,-32.75
2017-07,construction_tools_lights,401.45,80.29,
2017-07,fashio_female_clothing,364.4,72.88,82.84
2017-07,industry_commerce_and_business,352.25,70.45,2.95
2017-07,music,350.54,70.11,-69.28
2017-07,fixed_telephony,348.27,69.66,-69.49
2017-07,drinks,348.08,69.62,403.01
2017-07,fashion_underwear_beach,314.48,62.89,1555.16
2017-07,cds_dvds_musicals,299.38,59.87,
2017-07,food_drink,261.68,52.33,216.12
2017-07,tablets_printing_image,219.63,43.93,-67.66
2017-07,furniture_mattress_and_upholstery,178.53,35.71,-75.61
2017-07,arts_and_craftmanship,145.56,29.11,390.76
2017-07,home_construction,123.8,24.76,-94.22
2017-07,christmas_supplies,98.05,19.61,-60.18
2017-07,party_supplies,83.41,16.68,
2017-07,fashion_sport,77.68,15.54,-87.21
2017-07,home_comfort_2,28.0,5.6,0.0
2017-08,bed_bath_table,66297.02,13259.5,-11.17
2017-08,health_beauty,56269.06,11253.81,39.21
2017-08,sports_leisure,49581.37,9916.4,7.03
2017-08,cool_stuff,47492.44,9498.46,12.2
2017-08,furniture_decor,44344.52,8869.03,44.77
2017-08,computers_accessories,40946.28,8189.3,-8.19
2017-08,watches_gifts,39844.7,7969.03,0.65
2017-08,computers,34826.0,6965.17,866.73
2017-08,garden_tools,29064.81,5812.7,19.85
2017-08,housewares,29046.78,5809.48,13.48
2017-08,auto,23881.54,4776.4,44.82
2017-08,baby,23148.53,4629.75,25.11
2017-08,toys,21301.44,4260.32,-24.41
2017-08,perfumery,15050.36,3010.13,1.86
2017-08,telephony,13224.63,2644.91,18.03
2017-08,office_furniture,12389.04,2477.84,-41.75
2017-08,pet_shop,12222.61,2444.59,46.92
2017-08,consoles_games,10402.29,2080.52,58.73
2017-08,luggage_accessories,8510.77,1702.15,-17.41
2017-08,fashion_bags_accessories,8041.89,1608.42,24.34
2017-08,stationery,7885.5,1577.11,-6.67
2017-08,musical_instruments,7830.32,1566.09,-15.11
2017-08,unknown,6524.86,1304.99,61.75
2017-08,home_appliances,5548.78,1109.74,27.96
2017-08,small_appliances,4838.18,967.66,-10.17
2017-08,home_appliances_2,4798.48,959.69,267.17
2017-08,air_conditioning,4563.49,912.69,205.63
2017-08,home_confort,4536.12,907.26,-16.02
2017-08,electronics,3765.86,753.23,-58.63
2017-08,books_general_interest,3714.78,742.94,140.4
2017-08,fixed_telephony,3640.31,728.05,945.26
2017-08,furniture_living_room,3158.06,631.61,-41.25
2017-08,market_place,2360.93,472.18,31.17
2017-08,fashion_shoes,1856.37,371.28,5.43
2017-08,costruction_tools_garden,1483.0,296.61,213.29
2017-08,fashion_male_clothing,1444.32,288.89,67.88
2017-08,construction_tools_construction,1394.33,278.87,69.43
2017-08,books_technical,1324.98,264.99,128.1
2017-08,fashion_underwear_beach,1308.87,261.77,316.2
2017-08,kitchen_dining_laundry_garden_furniture,1231.29,246.26,-25.72
2017-08,audio,1146.44,229.28,29.8
2017-08,industry_commerce_and_business,1043.95,208.79,196.37
2017-08,food_drink,728.95,145.79,178.57
2017-08,furniture_bedroom,702.36,140.47,-56.01
2017-08,construction_tools_lights,670.98,134.2,67.14
2017-08,furniture_mattress_and_upholstery,633.66,126.73,254.93
2017-08,tablets_printing_image,557.82,111.56,153.98
2017-08,food,500.23,100.03,-33.67
2017-08,signaling_and_security,443.47,88.7,-35.24
2017-08,fashion_sport,389.44,77.88,401.34
2017-08,la_cuisine,373.52,74.7,-33.21
2017-08,art,317.06,63.42,-25.38
2017-08,fashio_female_clothing,235.65,47.14,-35.33
2017-08,dvds_blu_ray,231.83,46.38,-72.1
2017-08,agro_industry_and_commerce,224.6,44.92,-81.28
2017-08,cds_dvds_musicals,177.16,35.43,-40.82
2017-08,drinks,148.77,29.75,-57.26
2017-08,home_construction,141.43,28.29,14.24
2017-08,small_appliances_home_oven_and_coffee,133.86,26.77,51.0
2017-08,christmas_supplies,76.88,15.38,-21.59
2017-08,books_imported,70.34,14.07,-45.56
2017-08,home_comfort_2,69.91,13.98,149.68
2017-08,fashion_childrens_clothes,66.69,13.34,-43.94
2017-08,construction_tools_safety,24.69,4.94,-94.2
2017-09,bed_bath_table,62177.2,12435.57,-6.21
2017-09,health_beauty,59101.68,11820.23,5.03
2017-09,sports_leisure,58965.15,11793.09,18.93
2017-09,computers,54631.56,10926.27,56.87
2017-09,watches_gifts,51448.43,10289.8,29.12
2017-09,cool_stuff,43229.47,8645.96,-8.98
2017-09,furniture_decor,38355.12,7670.95,-13.51
2017-09,toys,37056.83,7411.35,73.96
2017-09,computers_accessories,33981.36,6796.33,-17.01
2017-09,baby,28197.0,5639.47,21.81
2017-09,garden_tools,27359.83,5471.7,-5.87
2017-09,housewares,25121.49,5024.4,-13.51
2017-09,telephony,21537.96,4307.7,62.86
2017-09,perfumery,17064.05,3412.94,13.38
2017-09,auto,16931.46,3386.28,-29.1
2017-09,fixed_telephony,13990.19,2798.03,284.31
2017-09,fashion_bags_accessories,13962.07,2792.46,73.62
2017-09,small_appliances,11906.32,2381.26,146.09
2017-09,office_furniture,11522.44,2304.44,-6.99
2017-09,consoles_games,10021.32,2004.31,-3.66
2017-09,pet_shop,9875.16,1975.04,-19.21
2017-09,musical_instruments,9709.55,1941.91,24.0
2017-09,stationery,7512.65,1502.47,-4.73
2017-09,unknown,7213.58,1442.72,10.56
2017-09,electronics,5557.35,1111.55,47.57
2017-09,home_confort,5273.36,1054.7,16.25
2017-09,luggage_accessories,4859.69,971.94,-42.9
2017-09,home_appliances,2197.28,439.46,-60.4
2017-09,agro_industry_and_commerce,2119.69,423.94,843.76
2017-09,fashion_underwear_beach,2056.22,411.23,57.1
2017-09,home_appliances_2,1928.62,385.71,-59.81
2017-09,air_conditioning,1900.33,380.07,-58.36
2017-09,home_construction,1759.36,351.87,1143.98
2017-09,furniture_living_room,1562.83,312.56,-50.51
2017-09,construction_tools_construction,1487.04,297.42,6.65
2017-09,fashion_shoes,1443.7,288.75,-22.23
2017-09,fashion_male_clothing,1388.19,277.67,-3.89
2017-09,market_place,1349.62,269.93,-42.84
2017-09,food,1239.2,247.86,147.73
2017-09,construction_tools_safety,1202.29,240.46,4769.54
2017-09,books_general_interest,1199.59,239.91,-67.71
2017-09,audio,1191.79,238.36,3.96
2017-09,books_technical,1136.91,227.39,-14.19
2017-09,costruction_tools_tools,976.08,195.22,16.99
2017-09,furniture_bedroom,923.98,184.81,31.55
2017-09,small_appliances_home_oven_and_coffee,673.47,134.69,403.12
2017-09,kitchen_dining_laundry_garden_furniture,602.66,120.53,-51.05
2017-09,signaling_and_security,536.55,107.31,20.99
2017-09,fashion_sport,500.82,100.18,28.6
2017-09,food_drink,444.78,88.97,-38.98
2017-09,art,435.85,87.17,37.47
2017-09,fashio_female_clothing,430.31,86.07,82.61
2017-09,drinks,428.48,85.69,188.02
2017-09,costruction_tools_garden,401.47,80.29,-72.93
2017-09,books_imported,327.56,65.52,365.68
2017-09,christmas_supplies,318.28,63.64,314.0
2017-09,party_supplies,303.2,60.64,263.51
2017-09,tablets_printing_image,279.88,55.98,-49.83
2017-09,construction_tools_lights,258.98,51.8,-61.4
2017-09,industry_commerce_and_business,251.71,50.34,-75.89
2017-09,furniture_mattress_and_upholstery,133.82,26.76,-78.88
2017-09,security_and_services,115.45,23.09,-44.78
2017-09,fashion_childrens_clothes,107.06,21.41,60.53
2017-09,cine_photo,102.84,20.57,-8.92
2017-09,dvds_blu_ray,91.06,18.22,-60.72
2017-09,home_comfort_2,29.69,5.94,-57.53
2017-10,watches_gifts,70932.96,14186.71,37.87
2017-10,sports_leisure,58118.16,11623.7,-1.44
2017-10,bed_bath_table,55448.85,11089.8,-10.82
2017-10,cool_stuff,51176.94,10235.4,18.38
2017-10,computers_accessories,50391.46,10078.33,48.29
2017-10,health_beauty,48913.44,9782.72,-17.24
2017-10,computers,41683.94,8336.79,-23.7
2017-10,toys,39714.3,7942.98,7.17
2017-10,furniture_decor,37734.46,7546.85,-1.62
2017-10,garden_tools,32526.88,6505.12,18.89
2017-10,telephony,26812.39,5362.46,24.49
2017-10,auto,24947.95,4989.62,47.35
2017-10,office_furniture,21926.23,4385.22,90.29
2017-10,unknown,20704.9,4140.99,187.03
2017-10,housewares,20263.23,4052.73,-19.34
2017-10,perfumery,20171.16,4034.26,18.21
2017-10,baby,19625.73,3925.17,-30.4
2017-10,consoles_games,12297.05,2459.41,22.71
2017-10,stationery,10574.71,2114.94,40.76
2017-10,pet_shop,9623.98,1924.81,-2.54
2017-10,fashion_bags_accessories,9547.58,1909.57,-31.62
2017-10,luggage_accessories,7717.36,1543.49,58.8
2017-10,musical_instruments,7437.81,1487.56,-23.4
2017-10,small_appliances,7124.64,1424.94,-40.16
2017-10,home_construction,4752.21,950.41,170.11
2017-10,electronics,4563.16,912.7,-17.89
2017-10,kitchen_dining_laundry_garden_furniture,4295.41,859.09,612.74
2017-10,home_confort,4072.65,814.56,-22.77
2017-10,fixed_telephony,3906.03,781.2,-72.08
2017-10,agro_industry_and_commerce,3558.43,711.69,67.88
2017-10,home_appliances_2,3188.82,637.78,65.34
2017-10,construction_tools_construction,3024.83,604.93,103.41
2017-10,air_conditioning,2869.9,573.97,51.02
2017-10,audio,2728.73,545.76,128.96
2017-10,food_drink,2654.99,530.98,496.92
2017-10,industry_commerce_and_business,2468.18,493.63,880.56
2017-10,home_appliances,2233.28,446.65,1.64
2017-10,fashion_shoes,2194.58,438.93,52.01
2017-10,furniture_living_room,2008.98,401.8,28.55
2017-10,construction_tools_safety,1918.55,383.69,59.57
2017-10,furniture_bedroom,1411.85,282.37,52.8
2017-10,fashion_male_clothing,1201.37,240.27,-13.46
2017-10,market_place,1178.12,235.63,-12.71
2017-10,costruction_tools_tools,1119.96,224.0,14.74
2017-10,food,1022.42,204.49,-17.49
2017-10,books_technical,988.25,197.64,-13.08
2017-10,books_general_interest,929.87,185.96,-22.48
2017-10,signaling_and_security,907.7,181.53,69.17
2017-10,costruction_tools_garden,888.16,177.64,121.23
2017-10,drinks,752.72,150.53,75.67
2017-10,construction_tools_lights,651.1,130.22,151.41
2017-10,christmas_supplies,531.24,106.23,66.91
2017-10,art,400.45,80.09,-8.12
2017-10,dvds_blu_ray,314.63,62.93,245.52
2017-10,fashion_underwear_beach,222.95,44.59,-89.16
2017-10,party_supplies,163.87,32.78,-45.95
2017-10,la_cuisine,160.83,32.17,-56.94
2017-10,home_comfort_2,140.0,28.0,371.54
2017-10,tablets_printing_image,111.19,22.24,-60.27
2017-10,cine_photo,107.0,21.4,4.05
2017-10,music,70.03,14.01,-80.02
2017-10,fashion_sport,68.62,13.72,-86.3
2017-10,cds_dvds_musicals,61.11,12.22,-65.51
2017-10,fashion_childrens_clothes,54.09,10.82,-49.48
2017-11,bed_bath_table,106669.19,21333.9,92.37
2017-11,watches_gifts,105672.8,21134.64,48.98
2017-11,health_beauty,89633.09,17926.49,83.25
2017-11,computers_accessories,83249.82,16650.05,65.21
2017-11,furniture_decor,78082.92,15616.79,106.93
2017-11,sports_leisure,75610.2,15122.14,30.1
2017-11,toys,73820.14,14764.27,85.88
2017-11,cool_stuff,62966.12,12593.26,23.04
2017-11,garden_tools,58200.1,11639.78,78.93
2017-11,housewares,43400.41,8680.18,114.18
2017-11,auto,40620.43,8124.15,62.82
2017-11,perfumery,36718.19,7343.58,82.03
2017-11,telephony,32415.96,6483.33,20.9
2017-11,baby,25820.88,5164.2,31.57
2017-11,office_furniture,22864.48,4572.84,4.28
2017-11,stationery,20139.56,4027.86,90.45
2017-11,musical_instruments,17895.62,3579.1,140.6
2017-11,unknown,16253.19,3250.61,-21.5
2017-11,fashion_bags_accessories,16179.65,3236.0,69.46
2017-11,consoles_games,14802.59,2960.46,20.38
2017-11,agro_industry_and_commerce,14610.32,2922.08,310.58
2017-11,pet_shop,13434.51,2686.92,39.59
2017-11,electronics,12947.72,2589.75,183.74
2017-11,luggage_accessories,10796.04,2159.2,39.89
2017-11,computers,10060.4,2012.08,-75.87
2017-11,construction_tools_construction,8596.29,1719.24,184.19
2017-11,small_appliances,8595.21,1719.06,20.64
2017-11,furniture_living_room,7657.9,1531.56,281.18
2017-11,kitchen_dining_laundry_garden_furniture,6387.13,1277.43,48.7
2017-11,home_confort,6245.13,1249.06,53.34
2017-11,home_construction,5726.54,1145.28,20.5
2017-11,home_appliances_2,5428.5,1085.7,70.24
2017-11,home_appliances,5069.98,1014.02,127.02
2017-11,air_conditioning,4513.56,902.72,57.27
2017-11,audio,4195.14,839.05,53.74
2017-11,construction_tools_safety,3560.71,712.14,85.59
2017-11,books_general_interest,3235.05,647.01,247.9
2017-11,food_drink,3031.35,606.28,14.18
2017-11,construction_tools_lights,2606.99,521.4,300.4
2017-11,industry_commerce_and_business,2350.58,470.11,-4.76
2017-11,fashion_shoes,2111.77,422.36,-3.77
2017-11,christmas_supplies,1791.98,358.39,237.32
2017-11,market_place,1682.61,336.54,42.82
2017-11,costruction_tools_garden,1578.65,315.74,77.74
2017-11,fashion_underwear_beach,1391.86,278.37,524.29
2017-11,fashion_male_clothing,1098.46,219.69,-8.57
2017-11,furniture_bedroom,1050.46,210.1,-25.6
2017-11,fixed_telephony,1036.48,207.3,-73.46
2017-11,drinks,1003.68,200.74,33.34
2017-11,party_supplies,934.34,186.87,470.17
2017-11,books_technical,863.82,172.77,-12.59
2017-11,signaling_and_security,792.79,158.55,-12.66
2017-11,food,771.28,154.24,-24.56
2017-11,tablets_printing_image,442.39,88.49,297.87
2017-11,furniture_mattress_and_upholstery,412.81,82.56,208.48
2017-11,books_imported,372.5,74.51,13.72
2017-11,costruction_tools_tools,349.54,69.92,-68.79
2017-11,flowers,269.29,53.85,
2017-11,cine_photo,259.94,51.99,142.93
2017-11,cds_dvds_musicals,224.82,44.97,267.89
2017-11,dvds_blu_ray,145.67,29.14,-53.7
2017-11,la_cuisine,137.11,27.42,-14.75
2017-11,fashio_female_clothing,115.92,23.19,-73.06
2017-11,art,92.78,18.56,-76.83
2017-11,home_comfort_2,80.75,16.15,-42.32
2017-11,fashion_sport,67.68,13.54,-1.37
2017-12,watches_gifts,77405.23,15481.27,-26.75
2017-12,health_beauty,69584.9,13917.0,-22.37
2017-12,sports_leisure,69442.93,13888.69,-8.16
2017-12,toys,65841.3,13168.25,-10.81
2017-12,bed_bath_table,59896.26,11979.43,-43.85
2017-12,auto,45123.01,9024.7,11.08
2017-12,cool_stuff,44279.53,8855.9,-29.68
2017-12,computers_accessories,43488.75,8697.75,-47.76
2017-12,furniture_decor,39361.15,7872.24,-49.59
2017-12,garden_tools,35142.7,7028.77,-39.62
2017-12,housewares,31932.31,6386.59,-26.42
2017-12,perfumery,31594.52,6318.91,-13.95
2017-12,stationery,30519.99,6103.9,51.54
2017-12,baby,22762.46,4552.49,-11.84
2017-12,unknown,18204.11,3640.85,12.0
2017-12,computers,17916.27,3583.25,78.09
2017-12,telephony,17383.24,3476.75,-46.37
2017-12,fashion_bags_accessories,12027.6,2405.68,-25.66
2017-12,electronics,11995.77,2399.33,-7.35
2017-12,musical_instruments,11689.59,2337.93,-34.68
2017-12,consoles_games,10409.48,2081.95,-29.68
2017-12,small_appliances,9589.66,1917.93,11.57
2017-12,office_furniture,8769.28,1753.83,-61.65
2017-12,pet_shop,8757.26,1751.45,-34.82
2017-12,home_construction,8006.27,1601.24,39.81
2017-12,luggage_accessories,7437.89,1487.59,-31.11
2017-12,construction_tools_construction,6566.5,1313.3,-23.61
2017-12,agro_industry_and_commerce,5664.04,1132.8,-61.23
2017-12,kitchen_dining_laundry_garden_furniture,5265.02,1053.01,-17.57
2017-12,books_general_interest,3042.06,608.38,-5.97
2017-12,audio,2941.12,588.25,-29.89
2017-12,furniture_living_room,2940.88,588.17,-61.6
2017-12,drinks,2574.41,514.9,156.5
2017-12,home_confort,2544.89,508.99,-59.25
2017-12,home_appliances_2,2272.45,454.48,-58.14
2017-12,industry_commerce_and_business,2009.86,401.96,-14.5
2017-12,home_appliances,1672.84,334.56,-67.0
2017-12,construction_tools_safety,1525.46,305.08,-57.16
2017-12,food_drink,1484.86,296.98,-51.02
2017-12,fashion_underwear_beach,1359.62,271.9,-2.32
2017-12,fashion_shoes,1305.46,261.08,-38.18
2017-12,food,1167.94,233.61,51.43
2017-12,costruction_tools_garden,1097.75,219.55,-30.46
2017-12,fixed_telephony,1095.81,219.16,5.72
2017-12,furniture_mattress_and_upholstery,1088.4,217.69,163.66
2017-12,market_place,884.26,176.86,-47.45
2017-12,signaling_and_security,842.44,168.49,6.26
2017-12,christmas_supplies,794.97,158.99,-55.64
2017-12,books_technical,735.96,147.19,-14.8
2017-12,air_conditioning,722.34,144.47,-84.0
2017-12,party_supplies,549.92,109.98,-41.14
2017-12,fashion_male_clothing,532.14,106.43,-51.56
2017-12,tablets_printing_image,475.02,94.98,7.38
2017-12,costruction_tools_tools,457.82,91.58,30.98
2017-12,books_imported,271.06,54.22,-27.23
2017-12,furniture_bedroom,230.75,46.15,-78.03
2017-12,construction_tools_lights,206.46,41.29,-92.08
2017-12,art,163.39,32.68,76.1
2017-12,dvds_blu_ray,135.49,27.1,-6.99
2017-12,flowers,112.98,22.59,-58.05
2017-12,diapers_and_hygiene,99.7,19.94,-33.97
2017-12,fashion_sport,76.76,15.35,13.42
2017-12,cds_dvds_musicals,74.94,14.99,-66.67
2018-01,sports_leisure,104951.6,20990.46,51.13
2018-01,computers_accessories,96228.23,19245.38,121.27
2018-01,bed_bath_table,90827.19,18165.67,51.64
2018-01,health_beauty,83215.86,16643.19,19.59
2018-01,watches_gifts,81519.89,16303.98,5.32
2018-01,furniture_decor,67644.26,13529.09,71.86
2018-01,stationery,48033.79,9606.62,57.38
2018-01,housewares,45966.73,9193.46,43.95
2018-01,cool_stuff,45766.52,9153.48,3.36
2018-01,auto,41296.53,8259.42,-8.48
2018-01,baby,34819.06,6963.81,52.97
2018-01,garden_tools,32819.83,6563.82,-6.61
2018-01,office_furniture,25732.55,5146.52,193.44
2018-01,unknown,25627.07,5125.36,40.78
2018-01,toys,24841.38,4968.32,-62.27
2018-01,perfumery,23384.47,4676.89,-25.99
2018-01,luggage_accessories,22077.68,4415.63,196.83
2018-01,electronics,21654.55,4331.27,80.52
2018-01,telephony,20507.78,4101.65,17.97
2018-01,small_appliances,16841.77,3368.37,75.62
2018-01,musical_instruments,16745.32,3349.06,43.25
2018-01,pet_shop,12687.61,2537.5,44.88
2018-01,construction_tools_construction,10753.32,2150.64,63.76
2018-01,fashion_bags_accessories,9849.05,1969.84,-18.11
2018-01,home_appliances_2,9109.57,1821.91,300.87
2018-01,consoles_games,9082.49,1816.46,-12.75
2018-01,computers,8300.98,1660.19,-53.67
2018-01,home_construction,6758.04,1351.64,-15.59
2018-01,agro_industry_and_commerce,6296.51,1259.3,11.17
2018-01,kitchen_dining_laundry_garden_furniture,5949.22,1189.86,13.0
2018-01,air_conditioning,5177.52,1035.51,616.77
2018-01,costruction_tools_garden,4505.74,901.14,310.45
2018-01,industry_commerce_and_business,4467.45,893.48,122.28
2018-01,audio,4233.39,846.66,43.94
2018-01,home_confort,3435.61,687.12,35.0
2018-01,drinks,3063.59,612.73,19.0
2018-01,art,2864.21,572.84,1652.99
2018-01,furniture_living_room,2861.95,572.39,-2.68
2018-01,books_general_interest,2825.37,565.02,-7.12
2018-01,fixed_telephony,2633.55,526.71,140.33
2018-01,construction_tools_lights,2554.77,510.94,1137.42
2018-01,construction_tools_safety,2424.76,484.95,58.95
2018-01,home_appliances,2194.93,439.0,31.21
2018-01,books_technical,1418.83,283.77,92.79
2018-01,signaling_and_security,1295.97,259.21,53.84
2018-01,furniture_mattress_and_upholstery,1270.4,254.07,16.72
2018-01,food,1133.07,226.61,-2.99
2018-01,christmas_supplies,1104.46,220.89,38.93
2018-01,furniture_bedroom,1065.04,213.0,361.56
2018-01,market_place,1046.76,209.34,18.38
2018-01,fashion_underwear_beach,877.02,175.4,-35.5
2018-01,fashion_shoes,822.31,164.46,-37.01
2018-01,costruction_tools_tools,695.13,139.05,51.83
2018-01,fashion_male_clothing,662.17,132.44,24.44
2018-01,books_imported,648.67,129.73,139.31
2018-01,food_drink,529.22,105.83,-64.36
2018-01,flowers,438.26,87.64,287.91
2018-01,small_appliances_home_oven_and_coffee,385.13,77.03,-42.81
2018-01,cine_photo,223.78,44.76,-13.91
2018-01,fashio_female_clothing,196.48,39.3,69.5
2018-01,diapers_and_hygiene,188.45,37.7,89.02
2018-01,tablets_printing_image,186.77,37.35,-60.68
2018-01,party_supplies,170.26,34.06,-69.04
2018-01,fashion_sport,145.34,29.06,89.34
2018-01,la_cuisine,130.03,26.01,-5.16
2018-01,dvds_blu_ray,96.58,19.32,-28.72
2018-01,music,40.07,8.01,-42.78
2018-02,computers_accessories,118128.67,23625.48,22.76
2018-02,health_beauty,98161.14,19632.26,17.96
2018-02,sports_leisure,87956.64,17591.41,-16.19
2018-02,bed_bath_table,72014.38,14403.04,-20.71
2018-02,watches_gifts,69523.15,13904.81,-14.72
2018-02,auto,48098.31,9619.76,16.47
2018-02,furniture_decor,46886.49,9377.43,-30.69
2018-02,housewares,44127.38,8825.44,-4.0
2018-02,cool_stuff,34700.35,6940.06,-24.18
2018-02,garden_tools,33698.73,6739.57,2.68
2018-02,baby,29562.67,5912.62,-15.1
2018-02,perfumery,23577.94,4715.63,0.83
2018-02,office_furniture,22011.04,4402.22,-14.46
2018-02,electronics,20095.74,4019.47,-7.2
2018-02,telephony,18991.43,3798.34,-7.39
2018-02,toys,17054.22,3410.94,-31.35
2018-02,unknown,14925.7,2985.13,-41.76
2018-02,stationery,14481.99,2896.34,-69.85
2018-02,consoles_games,13015.83,2603.16,43.31
2018-02,pet_shop,11740.76,2348.09,-7.46
2018-02,fashion_bags_accessories,11496.55,2299.38,16.73
2018-02,construction_tools_construction,10145.26,2029.05,-5.65
2018-02,musical_instruments,10064.38,2012.88,-39.9
2018-02,home_appliances_2,9986.74,1997.35,9.63
2018-02,agro_industry_and_commerce,8059.63,1611.91,28.0
2018-02,luggage_accessories,7783.94,1556.81,-64.74
2018-02,home_appliances,6413.21,1282.65,192.18
2018-02,fixed_telephony,6341.82,1268.35,140.81
2018-02,construction_tools_safety,6152.31,1230.46,153.73
2018-02,home_construction,6056.18,1211.24,-10.39
2018-02,furniture_living_room,5962.08,1192.41,108.32
2018-02,small_appliances,5912.74,1182.54,-64.89
2018-02,kitchen_dining_laundry_garden_furniture,5699.14,1139.86,-4.2
2018-02,industry_commerce_and_business,5521.5,1104.3,23.59
2018-02,home_confort,3397.87,679.61,-1.1
2018-02,small_appliances_home_oven_and_coffee,3213.64,642.73,734.43
2018-02,audio,3038.58,607.75,-28.22
2018-02,air_conditioning,2892.67,578.54,-44.13
2018-02,christmas_supplies,2671.35,534.25,141.87
2018-02,books_general_interest,2465.34,493.06,-12.74
2018-02,food,2437.19,487.4,115.1
2018-02,drinks,2419.28,483.91,-21.03
2018-02,market_place,2366.34,473.26,126.06
2018-02,construction_tools_lights,1967.47,393.49,-22.99
2018-02,costruction_tools_garden,1880.1,376.0,-58.27
2018-02,books_technical,1767.71,353.53,24.59
2018-02,art,1560.83,312.17,-45.51
2018-02,costruction_tools_tools,1539.82,307.97,121.52
2018-02,furniture_bedroom,1395.1,279.02,30.99
2018-02,food_drink,1387.34,277.46,162.15
2018-02,fashion_shoes,1251.52,250.3,52.2
2018-02,signaling_and_security,987.67,197.52,-23.79
2018-02,tablets_printing_image,866.49,173.26,363.93
2018-02,furniture_mattress_and_upholstery,691.48,138.29,-45.57
2018-02,fashion_underwear_beach,505.29,101.05,-42.39
2018-02,fashion_male_clothing,446.86,89.37,-32.52
2018-02,books_imported,351.54,70.31,-45.81
2018-02,music,277.24,55.44,591.89
2018-02,cine_photo,272.12,54.43,21.6
2018-02,flowers,187.7,37.55,-57.17
2018-02,diapers_and_hygiene,150.76,30.16,-20.0
2018-02,home_comfort_2,84.0,16.8,4.02
2018-02,fashio_female_clothing,45.09,9.02,-77.05
2018-02,dvds_blu_ray,42.53,8.51,-55.96
2018-03,watches_gifts,106696.69,21339.44,53.47
2018-03,health_beauty,102991.21,20598.3,4.92
2018-03,computers_accessories,100661.31,20132.53,-14.79
2018-03,sports_leisure,100283.39,20056.86,14.01
2018-03,bed_bath_table,84107.25,16821.77,16.79
2018-03,furniture_decor,65847.66,13169.72,40.44
2018-03,auto,52812.75,10562.73,9.8
2018-03,baby,47163.94,9432.83,59.54
2018-03,housewares,46646.88,9329.54,5.71
2018-03,cool_stuff,43913.06,8782.73,26.55
2018-03,office_furniture,39722.58,7944.53,80.47
2018-03,garden_tools,34094.44,6818.87,1.17
2018-03,telephony,31271.76,6254.39,64.66
2018-03,toys,27718.7,5543.78,62.53
2018-03,perfumery,23814.11,4762.84,1.0
2018-03,unknown,20026.74,4005.41,34.18
2018-03,electronics,16951.12,3390.55,-15.65
2018-03,pet_shop,16345.24,3269.1,39.22
2018-03,stationery,16051.13,3210.26,10.84
2018-03,small_appliances,15034.91,3007.01,154.28
2018-03,consoles_games,13078.06,2615.63,0.48
2018-03,fashion_bags_accessories,12765.84,2553.3,11.04
2018-03,construction_tools_construction,12244.21,2448.86,20.69
2018-03,musical_instruments,12125.77,2425.16,20.48
2018-03,home_appliances,11350.26,2270.04,76.98
2018-03,audio,11264.37,2252.86,270.71
2018-03,small_appliances_home_oven_and_coffee,8220.48,1644.1,155.8
2018-03,luggage_accessories,7406.85,1481.37,-4.84
2018-03,home_construction,6766.89,1353.43,11.74
2018-03,agro_industry_and_commerce,6567.09,1313.44,-18.52
2018-03,home_appliances_2,6085.99,1217.21,-39.06
2018-03,construction_tools_safety,5789.78,1157.96,-5.89
2018-03,furniture_living_room,4279.8,855.98,-28.22
2018-03,industry_commerce_and_business,3607.83,721.55,-34.66
2018-03,kitchen_dining_laundry_garden_furniture,3602.02,720.41,-36.8
2018-03,air_conditioning,3208.87,641.79,10.93
2018-03,construction_tools_lights,3138.15,627.63,59.5
2018-03,home_confort,3060.62,612.13,-9.93
2018-03,costruction_tools_garden,2971.37,594.28,58.04
2018-03,food_drink,2623.5,524.7,89.1
2018-03,books_general_interest,2288.66,457.77,-7.17
2018-03,fixed_telephony,2200.84,440.16,-65.3
2018-03,food,2068.59,413.72,-15.12
2018-03,market_place,1855.19,371.05,-21.6
2018-03,fashion_shoes,1525.22,305.06,21.87
2018-03,drinks,1268.52,253.69,-47.57
2018-03,furniture_bedroom,1265.69,253.14,-9.28
2018-03,books_technical,1232.47,246.51,-30.28
2018-03,christmas_supplies,1194.29,238.87,-55.29
2018-03,costruction_tools_tools,1154.77,230.96,-25.01
2018-03,signaling_and_security,1079.56,215.9,9.3
2018-03,party_supplies,1070.29,214.07,528.62
2018-03,cine_photo,846.54,169.31,211.09
2018-03,furniture_mattress_and_upholstery,584.93,116.98,-15.41
2018-03,art,581.66,116.35,-62.73
2018-03,la_cuisine,426.7,85.34,228.16
2018-03,fashion_underwear_beach,368.41,73.68,-27.09
2018-03,music,362.36,72.47,30.7
2018-03,tablets_printing_image,287.29,57.46,-66.84
2018-03,books_imported,284.69,56.94,-19.02
2018-03,diapers_and_hygiene,248.61,49.71,64.9
2018-03,fashio_female_clothing,154.52,30.92,242.69
2018-03,flowers,136.41,27.28,-27.33
2018-03,fashion_sport,97.39,19.48,-32.99
2018-03,fashion_childrens_clothes,96.56,19.31,78.52
2018-03,dvds_blu_ray,89.71,17.94,110.93
2018-03,home_comfort_2,44.33,8.87,-47.23
2018-04,health_beauty,105197.96,21039.55,2.14
2018-04,watches_gifts,100316.99,20063.57,-5.98
2018-04,bed_bath_table,86731.4,17346.36,3.12
2018-04,sports_leisure,78936.15,15787.35,-21.29
2018-04,computers_accessories,69850.5,13970.29,-30.61
2018-04,furniture_decor,68451.25,13690.63,3.95
2018-04,auto,57072.56,11414.64,8.07
2018-04,baby,56814.41,11362.78,20.46
2018-04,housewares,55763.94,11152.94,19.54
2018-04,garden_tools,40698.93,8139.77,19.37
2018-04,cool_stuff,40200.7,8040.09,-8.45
2018-04,toys,27590.04,5518.09,-0.46
2018-04,office_furniture,26494.8,5298.91,-33.3
2018-04,pet_shop,22383.32,4476.71,36.94
2018-04,home_appliances_2,21959.04,4391.82,260.81
2018-04,musical_instruments,21176.37,4235.27,74.64
2018-04,telephony,20829.87,4166.02,-33.39
2018-04,perfumery,20504.24,4100.94,-13.9
2018-04,home_appliances,17382.62,3476.58,53.15
2018-04,construction_tools_construction,15576.76,3115.4,27.22
2018-04,small_appliances_home_oven_and_coffee,14769.18,2953.83,79.66
2018-04,electronics,14750.55,2950.32,-12.98
2018-04,computers,14571.61,2914.33,75.54
2018-04,stationery,14308.27,2861.66,-10.86
2018-04,small_appliances,13454.91,2690.98,-10.51
2018-04,fashion_bags_accessories,10945.34,2189.13,-14.26
2018-04,home_construction,10772.74,2154.64,59.2
2018-04,luggage_accessories,10272.07,2054.39,38.68
2018-04,unknown,9616.41,1923.35,-51.98
2018-04,consoles_games,8110.5,1622.12,-37.98
2018-04,audio,7571.46,1514.3,-32.78
2018-04,books_general_interest,7209.15,1441.88,214.99
2018-04,industry_commerce_and_business,6882.22,1376.44,90.76
2018-04,furniture_living_room,6219.96,1243.97,45.33
2018-04,drinks,5914.22,1182.8,366.23
2018-04,construction_tools_lights,5827.5,1165.5,85.7
2018-04,agro_industry_and_commerce,4783.66,956.73,-27.16
2018-04,kitchen_dining_laundry_garden_furniture,4288.19,857.63,19.05
2018-04,air_conditioning,3921.12,784.22,22.2
2018-04,construction_tools_safety,3427.97,685.63,-40.79
2018-04,signaling_and_security,2951.28,590.24,173.38
2018-04,art,2623.04,524.59,350.96
2018-04,home_confort,2274.26,454.83,-25.69
2018-04,food,2219.99,443.96,7.32
2018-04,fixed_telephony,2127.68,425.54,-3.32
2018-04,furniture_bedroom,1849.22,369.85,46.1
2018-04,music,1842.06,368.41,408.35
2018-04,costruction_tools_garden,1777.27,355.46,-40.19
2018-04,fashion_shoes,1717.97,343.6,12.64
2018-04,costruction_tools_tools,1651.92,330.37,43.05
2018-04,books_technical,1576.46,315.32,27.91
2018-04,food_drink,885.03,176.99,-66.27
2018-04,market_place,844.83,168.99,-54.46
2018-04,cine_photo,621.13,124.24,-26.63
2018-04,christmas_supplies,518.58,103.71,-56.58
2018-04,fashion_underwear_beach,440.18,88.04,19.48
2018-04,books_imported,352.37,70.48,23.77
2018-04,la_cuisine,334.12,66.82,-21.7
2018-04,dvds_blu_ray,267.67,53.54,198.37
2018-04,fashion_male_clothing,234.42,46.88,-47.54
2018-04,fashio_female_clothing,218.15,43.65,41.18
2018-04,diapers_and_hygiene,200.57,40.11,-19.32
2018-04,flowers,194.49,38.91,42.58
2018-04,cds_dvds_musicals,117.58,23.52,56.9
2018-04,fashion_sport,105.41,21.08,8.23
2018-04,party_supplies,80.26,16.06,-92.5
2018-04,tablets_printing_image,70.24,14.05,-75.55
2018-04,arts_and_craftmanship,34.22,6.84,-76.49
2018-04,home_comfort_2,18.76,3.75,-57.68
2018-05,watches_gifts,132617.95,26523.73,32.2
2018-05,health_beauty,110477.15,22095.45,5.02
2018-05,bed_bath_table,85173.53,17034.84,-1.8
2018-05,housewares,76453.58,15290.97,37.1
2018-05,sports_leisure,68841.54,13768.47,-12.79
2018-05,furniture_decor,65724.64,13145.04,-3.98
2018-05,computers_accessories,60055.71,12011.18,-14.02
2018-05,auto,48221.05,9644.28,-15.51
2018-05,garden_tools,43119.29,8623.76,5.95
2018-05,baby,39504.84,7901.04,-30.47
2018-05,toys,36425.46,7285.06,32.02
2018-05,cool_stuff,33932.76,6786.51,-15.59
2018-05,perfumery,27915.22,5583.12,36.14
2018-05,telephony,25836.33,5167.37,24.04
2018-05,office_furniture,25355.0,5070.99,-4.3
2018-05,construction_tools_construction,23580.34,4716.19,51.38
2018-05,electronics,21087.72,4217.78,42.96
2018-05,musical_instruments,20537.04,4107.41,-3.02
2018-05,home_appliances_2,15597.83,3119.57,-28.97
2018-05,stationery,15372.31,3074.5,7.44
2018-05,pet_shop,14084.07,2816.78,-37.08
2018-05,fashion_bags_accessories,13192.27,2638.55,20.53
2018-05,small_appliances,11507.33,2301.51,-14.47
2018-05,home_construction,11456.03,2291.24,6.34
2018-05,small_appliances_home_oven_and_coffee,10474.54,2094.9,-29.08
2018-05,computers,9944.61,1988.94,-31.75
2018-05,luggage_accessories,8245.49,1649.06,-19.73
2018-05,construction_tools_safety,7902.11,1580.42,130.52
2018-05,home_appliances,7380.41,1476.05,-57.54
2018-05,books_general_interest,6932.51,1386.54,-3.84
2018-05,consoles_games,6671.21,1334.25,-17.75
2018-05,construction_tools_lights,6321.37,1264.29,8.47
2018-05,unknown,6075.77,1215.18,-36.82
2018-05,industry_commerce_and_business,4981.97,996.39,-27.61
2018-05,books_technical,3923.58,784.77,148.89
2018-05,drinks,3563.83,712.78,-39.74
2018-05,agro_industry_and_commerce,3433.22,686.65,-28.23
2018-05,furniture_living_room,3390.1,678.0,-45.5
2018-05,art,3257.08,651.41,24.17
2018-05,home_confort,3184.37,636.89,40.02
2018-05,audio,3044.54,608.94,-59.79
2018-05,kitchen_dining_laundry_garden_furniture,2861.28,572.24,-33.28
2018-05,cine_photo,2570.88,514.21,313.9
2018-05,air_conditioning,2450.73,490.16,-37.5
2018-05,fixed_telephony,2222.25,444.47,4.44
2018-05,food,2079.48,415.95,-6.33
2018-05,furniture_bedroom,1816.91,363.39,-1.75
2018-05,fashion_shoes,1788.57,357.74,4.11
2018-05,food_drink,1674.74,334.95,89.23
2018-05,costruction_tools_garden,1403.85,280.76,-21.01
2018-05,market_place,1186.79,237.36,40.48
2018-05,signaling_and_security,862.99,172.58,-70.76
2018-05,music,827.4,165.48,-55.08
2018-05,christmas_supplies,672.74,134.55,29.73
2018-05,dvds_blu_ray,560.16,112.02,109.27
2018-05,books_imported,525.71,105.16,49.19
2018-05,costruction_tools_tools,506.26,101.24,-69.35
2018-05,fashion_underwear_beach,300.46,60.11,-31.74
2018-05,party_supplies,170.44,34.09,112.36
2018-05,diapers_and_hygiene,159.65,31.93,-20.4
2018-05,fashion_male_clothing,149.87,29.97,-36.07
2018-05,arts_and_craftmanship,101.05,20.21,195.3
2018-05,tablets_printing_image,58.19,11.64,-17.16
2018-05,flowers,35.72,7.14,-81.63
2018-06,health_beauty,125197.75,25039.47,13.32
2018-06,watches_gifts,95855.5,19171.21,-27.72
2018-06,bed_bath_table,88024.74,17605.15,3.35
2018-06,housewares,70411.83,14082.5,-7.9
2018-06,sports_leisure,54825.25,10964.96,-20.36
2018-06,furniture_decor,52528.92,10505.85,-20.08
2018-06,auto,52446.51,10489.37,8.76
2018-06,computers_accessories,51137.98,10227.64,-14.85
2018-06,baby,37038.15,7407.75,-6.24
2018-06,perfumery,31001.59,6200.32,11.06
2018-06,telephony,26562.72,5312.64,2.81
2018-06,construction_tools_construction,25372.45,5074.49,7.6
2018-06,toys,25293.65,5058.79,-30.56
2018-06,pet_shop,23421.37,4684.25,66.3
2018-06,garden_tools,23126.03,4625.22,-46.37
2018-06,cool_stuff,22026.04,4405.23,-35.09
2018-06,musical_instruments,17970.76,3594.19,-12.5
2018-06,small_appliances,17190.08,3438.05,49.38
2018-06,office_furniture,16654.57,3330.91,-34.31
2018-06,stationery,16026.05,3205.33,4.25
2018-06,computers,13867.87,2773.59,39.45
2018-06,electronics,12946.08,2589.39,-38.61
2018-06,home_construction,10936.73,2187.37,-4.53
2018-06,fashion_bags_accessories,9388.36,1877.69,-28.83
2018-06,home_appliances_2,9112.54,1822.5,-41.58
2018-06,consoles_games,7642.03,1528.4,14.55
2018-06,home_appliances,7263.28,1452.66,-1.59
2018-06,signaling_and_security,6940.76,1388.16,704.27
2018-06,luggage_accessories,6138.72,1227.74,-25.55
2018-06,construction_tools_lights,5538.59,1107.73,-12.38
2018-06,kitchen_dining_laundry_garden_furniture,4742.2,948.44,65.74
2018-06,furniture_living_room,4529.65,905.92,33.61
2018-06,air_conditioning,4092.94,818.58,67.01
2018-06,books_general_interest,3958.62,791.73,-42.9
2018-06,agro_industry_and_commerce,3843.05,768.61,11.94
2018-06,small_appliances_home_oven_and_coffee,3672.13,734.43,-64.94
2018-06,industry_commerce_and_business,3533.92,706.8,-29.07
2018-06,art,3019.18,603.83,-7.3
2018-06,construction_tools_safety,2972.88,594.58,-62.38
2018-06,unknown,2805.7,561.15,-53.82
2018-06,home_confort,2701.94,540.4,-15.15
2018-06,fixed_telephony,2422.52,484.52,9.01
2018-06,audio,2228.39,445.71,-26.81
2018-06,books_technical,2184.59,436.95,-44.32
2018-06,drinks,2053.4,410.69,-42.38
2018-06,furniture_bedroom,1941.82,388.35,6.87
2018-06,food,1693.59,338.74,-18.56
2018-06,fashion_shoes,1450.18,290.04,-18.92
2018-06,costruction_tools_garden,1067.6,213.53,-23.95
2018-06,market_place,678.79,135.76,-42.8
2018-06,costruction_tools_tools,623.81,124.76,23.22
2018-06,cine_photo,609.36,121.89,-76.3
2018-06,books_imported,606.16,121.23,15.3
2018-06,fashion_male_clothing,554.43,110.9,269.94
2018-06,food_drink,512.81,102.53,-69.38
2018-06,dvds_blu_ray,505.03,101.01,-9.84
2018-06,christmas_supplies,476.71,95.33,-29.14
2018-06,diapers_and_hygiene,427.7,85.54,167.9
2018-06,fashion_underwear_beach,236.76,47.37,-21.2
2018-06,music,169.56,33.91,-79.51
2018-06,flowers,140.7,28.14,293.9
2018-06,party_supplies,112.38,22.48,-34.06
2018-06,fashion_childrens_clothes,97.48,19.5,0.95
2018-06,tablets_printing_image,72.85,14.57,25.19
2018-06,home_comfort_2,51.38,10.28,173.88
2018-07,health_beauty,122743.98,24548.91,-1.96
2018-07,watches_gifts,106064.72,21212.81,10.65
2018-07,housewares,77967.73,15593.63,10.73
2018-07,bed_bath_table,68708.38,13741.82,-21.94
2018-07,sports_leisure,65830.02,13165.97,20.07
2018-07,furniture_decor,57406.26,11481.31,9.29
2018-07,auto,51187.78,10237.46,-2.4
2018-07,computers_accessories,50518.25,10103.84,-1.21
2018-07,cool_stuff,34278.98,6855.76,55.63
2018-07,garden_tools,31122.91,6224.62,34.58
2018-07,telephony,30971.34,6194.32,16.6
2018-07,baby,27378.18,5475.75,-26.08
2018-07,perfumery,25704.44,5140.92,-17.09
2018-07,pet_shop,23358.39,4671.72,-0.27
2018-07,stationery,21489.7,4297.96,34.09
2018-07,toys,20636.35,4127.29,-18.41
2018-07,construction_tools_construction,17589.95,3518.02,-30.67
2018-07,office_furniture,17388.52,3477.73,4.41
2018-07,electronics,13812.32,2762.5,6.69
2018-07,home_appliances_2,13772.17,2754.43,51.13
2018-07,computers,11947.48,2389.49,-13.85
2018-07,musical_instruments,11151.22,2230.21,-37.95
2018-07,small_appliances,9782.44,1956.45,-43.09
2018-07,fixed_telephony,9658.18,1931.61,298.68
2018-07,consoles_games,9539.14,1907.84,24.82
2018-07,furniture_living_room,8840.31,1768.05,95.17
2018-07,agro_industry_and_commerce,8735.28,1747.11,127.3
2018-07,construction_tools_lights,8631.4,1726.28,55.84
2018-07,home_construction,8298.17,1659.65,-24.13
2018-07,fashion_bags_accessories,7418.12,1483.67,-20.99
2018-07,luggage_accessories,7193.09,1438.63,17.18
2018-07,unknown,6648.66,1329.73,136.97
2018-07,home_appliances,6541.68,1308.35,-9.93
2018-07,signaling_and_security,6136.19,1227.24,-11.59
2018-07,costruction_tools_tools,5779.45,1155.89,826.48
2018-07,industry_commerce_and_business,5593.9,1118.79,58.29
2018-07,small_appliances_home_oven_and_coffee,5171.36,1034.27,40.83
2018-07,kitchen_dining_laundry_garden_furniture,4886.72,977.33,3.05
2018-07,books_general_interest,4496.16,899.26,13.58
2018-07,food,4401.42,880.3,159.89
2018-07,home_confort,3560.26,712.06,31.77
2018-07,air_conditioning,3137.45,627.5,-23.34
2018-07,books_technical,2605.41,521.05,19.26
2018-07,costruction_tools_garden,2592.27,518.43,142.81
2018-07,audio,2409.0,481.84,8.1
2018-07,art,2265.73,453.16,-24.96
2018-07,construction_tools_safety,2142.9,428.59,-27.92
2018-07,furniture_bedroom,1838.77,367.74,-5.31
2018-07,drinks,1633.2,326.64,-20.46
2018-07,cine_photo,1291.61,258.32,111.96
2018-07,food_drink,1164.97,233.0,127.17
2018-07,fashion_shoes,985.44,197.08,-32.05
2018-07,music,893.28,178.66,426.82
2018-07,arts_and_craftmanship,804.6,160.92,696.24
2018-07,christmas_supplies,661.66,132.32,38.8
2018-07,books_imported,516.61,103.32,-14.77
2018-07,fashion_male_clothing,295.68,59.12,-46.67
2018-07,market_place,277.34,55.47,-59.14
2018-07,diapers_and_hygiene,237.91,47.57,-44.37
2018-07,furniture_mattress_and_upholstery,141.83,28.37,-75.75
2018-07,fashion_underwear_beach,141.33,28.27,-40.31
2018-07,dvds_blu_ray,96.88,19.38,-80.82
2018-07,home_comfort_2,85.44,17.08,66.29
2018-07,party_supplies,84.36,16.87,-24.93
2018-07,flowers,83.36,16.67,-40.75
2018-08,health_beauty,137206.07,27441.17,11.78
2018-08,watches_gifts,79391.86,15878.49,-25.15
2018-08,bed_bath_table,75207.83,15041.8,9.46
2018-08,housewares,74238.89,14847.91,-4.78
2018-08,sports_leisure,60374.75,12074.97,-8.29
2018-08,auto,53075.08,10615.12,3.69
2018-08,furniture_decor,51976.65,10395.5,-9.46
2018-08,computers_accessories,48190.39,9638.12,-4.61
2018-08,telephony,42480.9,8496.25,37.16
2018-08,pet_shop,28784.18,5756.77,23.23
2018-08,perfumery,28660.53,5732.05,11.5
2018-08,baby,26771.31,5354.36,-2.22
2018-08,construction_tools_construction,25925.05,5185.02,47.39
2018-08,toys,21074.27,4214.87,2.12
2018-08,garden_tools,20388.16,4077.71,-34.49
2018-08,cool_stuff,19091.64,3818.31,-44.31
2018-08,stationery,18980.61,3796.17,-11.68
2018-08,electronics,12967.37,2593.49,-6.12
2018-08,musical_instruments,11705.45,2341.08,4.97
2018-08,home_appliances_2,10667.72,2133.55,-22.54
2018-08,fashion_bags_accessories,10035.75,2007.21,35.29
2018-08,construction_tools_lights,9888.59,1977.75,14.57
2018-08,food,9676.42,1935.33,119.85
2018-08,computers,9228.25,1845.67,-22.76
2018-08,office_furniture,8386.67,1677.37,-51.77
2018-08,home_construction,8312.99,1662.6,0.18
2018-08,luggage_accessories,8256.81,1651.37,14.79
2018-08,home_appliances,7933.85,1586.77,21.28
2018-08,small_appliances,7486.0,1497.2,-23.48
2018-08,furniture_living_room,6690.29,1338.02,-24.32
2018-08,consoles_games,5828.24,1165.72,-38.9
2018-08,agro_industry_and_commerce,5543.74,1108.75,-36.54
2018-08,unknown,5123.43,1024.72,-22.94
2018-08,construction_tools_safety,4596.59,919.31,114.5
2018-08,costruction_tools_garden,4294.49,858.89,65.67
2018-08,air_conditioning,4007.82,801.54,27.74
2018-08,small_appliances_home_oven_and_coffee,3391.13,678.21,-34.42
2018-08,fixed_telephony,2891.02,578.2,-70.07
2018-08,furniture_bedroom,2819.88,563.97,53.36
2018-08,kitchen_dining_laundry_garden_furniture,2756.02,551.2,-43.6
2018-08,industry_commerce_and_business,2744.05,548.8,-50.95
2018-08,home_confort,2571.88,514.4,-27.76
2018-08,audio,2469.1,493.86,2.49
2018-08,signaling_and_security,2158.67,431.75,-64.82
2018-08,books_general_interest,2076.99,415.41,-53.81
2018-08,drinks,1918.02,383.6,17.44
2018-08,books_technical,1861.38,372.27,-28.56
2018-08,art,1775.9,355.19,-21.62
2018-08,party_supplies,1590.42,318.09,1785.28
2018-08,costruction_tools_tools,1497.04,299.41,-74.1
2018-08,food_drink,1340.39,268.06,15.06
2018-08,market_place,1107.97,221.6,299.5
2018-08,arts_and_craftmanship,1069.05,213.82,32.87
2018-08,cine_photo,818.29,163.67,-36.65
2018-08,books_imported,804.96,160.99,55.82
2018-08,christmas_supplies,778.71,155.74,17.69
2018-08,music,582.61,116.52,-34.78
2018-08,fashion_shoes,577.21,115.44,-41.43
2018-08,fashion_male_clothing,466.98,93.39,57.93
2018-08,diapers_and_hygiene,276.93,55.39,16.4
2018-08,fashion_underwear_beach,246.76,49.36,74.6
2018-08,fashio_female_clothing,169.13,33.83,-22.47
2018-08,fashion_sport,83.05,16.61,-21.21
2018-08,dvds_blu_ray,16.29,3.26,-83.19
2018-09,kitchen_dining_laundry_garden_furniture,166.46,33.29,-93.96
2018-09,unknown,,,
2018-10,unknown,,,
