seller_id,seller_gmv_brl,seller_orders,avg_delivery_days,avg_review_score
4869f7a5dfa277a7dca6462dcf3b52b2,249640.7,1132,15.01,4.12
7c67e1448b00f6e969d365cea6b010ab,239536.44,982,22.39,3.34
53243585a1d6dc2643021fd1853d8905,235856.68,358,13.37,4.08
4a3ca9315b744ce9f8e9374361493884,235539.96,1806,14.42,3.8
fa1c13f2614d7b5c4749cbc52fecda94,204084.73,585,13.34,4.34
da8622b14eb17ae2831f4ac5b9dab84a,185192.32,1314,11.17,4.06
7e93a43ef30c4f03f38b393420bc753a,182754.05,336,11.34,4.21
1025f0e2d44d7041d6cf58b6550e0bfa,172860.69,915,12.05,3.85
7a67c85e85bb2ce8582c35f2203ad736,162648.38,1160,11.17,4.23
955fee9216a65b617aa5c0531780ce60,160602.68,1287,10.74,4.05
6560211a19b47992c3666cc44a7e94c0,151265.77,1854,9.54,3.91
1f50f920176fa81dab994f9023523100,142104.98,1404,15.57,3.99
46dc3b2cc0980fb8ec44634e21d2718e,139909.69,521,11.8,4.18
a1043bafd471dff536d0c462352beb48,133745.25,718,13.59,4.19
cc419e0650a3c5ba77189a1882b7556a,129957.41,1706,11.54,4.07
620c87c171fb2a6dd6e8bb4dec959fc6,128909.71,740,12.88,4.21
5dceca129747e92ff8ef7a997dc4f8ca,125816.92,325,11.27,3.99
7d13fca15225358621be4086e1eb0964,122261.02,565,15.69,4.0
3d871de0142ce09b7081e2b9d1733cb1,117347.71,1080,13.42,4.11
edb1ef5e36e0c8cd84eb3c9b003e486d,83189.65,166,11.71,4.43
ccc4bbb5f32a6ab2b7066a4130f114e3,79261.6,187,15.85,4.28
cca3071e3e9bb7d12640c9fbe2301306,78381.29,712,14.24,3.85
8581055ce74af1daba164fdbd55a40de,74584.3,387,12.83,4.23
f7ba60f8c3f99e7ee4042fdef03b70c4,72736.01,219,13.12,4.2
fe2032dab1a61af8794248c8196565c9,70680.95,294,10.6,4.38
de722cd6dad950a92b7d4f82673f8833,65112.75,339,12.77,4.16
7ddcbb64b5bc1ef36ca8c151f6ec77df,63525.29,334,12.64,3.91
04308b1ee57b6625f47df1d56f00eedf,63184.99,94,18.88,3.88
f8db351d8c4c4c22c6835c19a46f01b0,63079.8,667,9.91,4.22
218d46b86c1881d022bce9c68a7d4b15,62737.54,388,13.8,4.15
522620dcb18a6b31cd7bdf73665113a9,61829.81,174,15.23,3.9
25c5c91f63607446a97b143d2d535d31,61679.33,158,13.93,3.72
17e34d8224d27a541263c4c64b11a56b,61603.2,255,14.04,4.14
37be5a7c751166fbc5f8ccba4119e043,61433.88,272,10.61,4.32
ceaec5548eefc6e23e6607c5435102e7,59249.02,203,12.92,4.15
b2ba3715d723d245138f291a6fe42594,58173.02,337,13.97,4.11
17f51e7198701186712e53a39c564617,57812.43,56,22.76,4.34
f5a590cf36251cf1162ea35bef76fe84,57440.94,117,11.82,4.24
77530e9772f57a62c906e1c21538ab82,55063.99,320,15.09,4.05
8160255418d5aaa7dbdc9f4c64ebda44,54871.5,385,16.78,3.83
ea8482cd71df3c1969d7b9473ff13abc,54722.29,1146,13.32,3.95
e882b2a25a10b9c057cc49695f222c19,53913.76,57,9.46,4.59
4e922959ae960d389249c378d1c939f5,53304.75,420,14.63,3.9
e9779976487b77c6d4ac45f75ec7afe9,53302.66,657,9.85,4.17
966cb4760537b1404caedd472cc610a5,52935.87,75,10.04,3.85
2bf6a2c1e71bbd29a4ad64e6d3c3629f,51629.49,30,13.37,4.19
4d6d651bd7684af3fffabd5f08d12e5a,51486.31,369,13.06,4.17
c826c40d7b19f62a09e2d7c5e7295ee2,51217.22,354,13.2,4.04
d91fb3b7d041e83b64a00a3edfb37e4f,50180.51,535,11.29,4.09
391fc6631aebcf3004804e51b40bcf1e,50142.83,526,14.27,3.96
17a053fcb14bd219540cbde0df490be0,49531.57,125,11.98,4.2
c3cfdc648177fdbbbb35635a37472c53,49127.81,278,9.69,4.45
06a2c3af7b3aee5d69171b0e14f0ee87,48550.24,392,17.74,4.0
850f4f8af5ea87287ac68de36e29107f,48469.77,187,10.14,4.29
b33e7c55446eabf8fe1a42d037ac7d6d,47710.24,152,16.43,4.15
eeb6de78f79159600292e314a77cbd18,46795.28,83,12.11,4.43
712e6ed8aa4aa1fa65dab41fed5737e4,46704.13,79,23.8,3.45
2eb70248d66e0e3ef83659f71b244378,45860.1,202,17.97,2.71
ba90964cff9b9e0e6f32b23b82465f7b,45523.5,38,10.02,4.42
634964b17796e64304cadf1ad3050fb7,45420.53,268,14.5,3.86
7142540dd4c91e2237acb7e911c4eba2,44289.16,319,14.76,4.05
834f3294fba9f932f56edc879193f925,44207.42,66,14.3,4.55
b839e41795b7f3ad94cc2014a52f6796,43749.93,33,6.92,4.03
c3867b4666c7d76867627c2f7fb22e21,42197.18,245,15.22,3.84
1835b56ce799e6a4dc4eddc053f04066,42086.16,423,12.77,3.59
dbc22125167c298ef99da25668e1011f,41789.16,406,11.41,4.23
7299e27ed73d2ad986de7f7c77d919fa,41581.08,338,11.32,4.42
7178f9f4dd81dcef02f62acdf8151e01,41478.92,203,15.64,4.03
c70c1b0d8ca86052f45a432a38b73958,40476.28,261,7.67,4.3
53e4c6e0f4312d4d2107a8c9cddf45cd,40036.19,473,12.03,4.04
855668e0971d4dfd7bef1b6a4133b41b,40005.36,312,16.15,3.72
e9bc59e7b60fc3063eb2290deda4cced,39031.56,216,14.57,3.94
87142160b41353c4e5fca2360caf6f92,38314.31,305,10.81,4.36
0241d4d5d36f10f80c644447315af0bd,38251.61,238,10.94,4.31
76d5af76d0271110f9af36c92573f765,37541.56,131,11.49,4.08
9c0e69c7bf2619675bbadf47b43f655a,36602.96,157,15.16,4.02
88460e8ebdecbfecb5f9601833981930,36543.1,248,18.27,3.36
70a12e78e608ac31179aea7f8422044b,36465.44,315,14.7,3.77
2528513dd95219a6013d4d05176e391a,36438.75,161,10.57,3.95
1554a68530182680ad5c8b042c3ab563,35850.79,247,14.08,4.24
7681ef142fd2c19048da7430856b5588,34857.93,59,10.37,4.12
70eea00b476a314817cefde4aad4f89a,34764.17,108,13.33,4.35
5c243662ce92d84573bfaff24c3e3700,34637.66,98,10.81,4.13
001cca7ae9ae17fb1caed9dfb1094831,33934.17,200,13.1,3.9
e59aa562b9f8076dd550fcddf0e73491,33803.97,70,13.71,4.25
1900267e848ceeba8fa32d80c1a5f5a8,33120.59,411,12.8,3.86
9f505651f4a6abe901a56cdc21508025,32391.86,397,8.17,4.28
d1c281d3ae149232351cd8c8cc885f0d,32339.06,215,12.46,3.79
0b90b6df587eb83608a64ea8b390cf07,32207.64,164,14.4,4.0
59b22a78efb79a4797979612b885db36,32082.07,125,12.5,3.97
d23019c84ffae2d5ef2270367b8605fc,31954.84,39,11.28,4.41
a3a38f4affed601eb87a97788c949667,31775.27,254,12.49,4.39
8b321bb669392f5163d04c59e235e066,31692.05,943,12.62,4.0
900ba814c251a692506d7834c1218441,31467.94,88,12.48,4.19
16090f2ca825584b5a147ab24aa30c86,31173.11,402,9.22,4.04
d2374cbcbb3ca4ab1086534108cc3ab7,30817.8,524,14.3,3.68
12b9676b00f60f3b700e83af21824c0e,30342.69,135,15.05,4.52
7e1fb0a3ebfb01ffb3a7dae98bf3238d,30335.93,159,15.6,4.13
897060da8b9a21f655304d50fd935913,29887.47,317,14.86,3.39
c003204e1ab016dfa150abc119207b24,29850.89,197,9.69,4.42
b32be1695eb7ec5f10f72d9610a12527,29831.02,45,12.32,4.09
de23c3b98a88888289c6f5cc1209054a,29081.81,164,10.77,4.28
dc4a0fc896dc34b0d5bfec8438291c80,28795.09,231,13.81,3.78
a416b6a846a11724393025641d4edd5e,28670.52,162,12.6,4.16
710e3548e02bc1d2831dfc4f1b5b14d4,27855.07,136,14.31,3.4
1c68394e931a64f90ea236c5ea590300,27729.16,142,15.75,3.93
1a3df491d1c4f1589fc2b934ada68bf2,27594.12,167,15.04,4.17
f62d7bb4a613ec758a03342d46b580b2,26790.59,32,13.87,4.38
b94cc9f10ddc85e4ba73a6f7974e7101,26368.49,39,10.58,4.3
7ad32824caee82087b3e2e5f33b1bf32,26050.32,151,11.49,3.77
8f2ce03f928b567e3d56181ae20ae952,25550.01,153,14.38,4.06
729f06993dac8e860d4f02d7088ca48a,25479.65,96,10.86,4.29
f45122a9ab94eb4f3f8953578bc0c560,25404.13,187,12.49,3.91
612170e34b97004b3ba37eae81836b4c,25372.08,107,10.9,4.43
8444e55c1f13cd5c179851e5ca5ebd00,24951.27,99,21.29,3.07
2b3e4a2a3ea8e01938cabda2a3e5cc79,24535.1,52,8.7,4.39
744dac408745240a2c2528fb1b6028f3,24385.02,79,11.14,4.55
06e5eefc71ec47ae763c5c6f8db7064f,24381.84,92,10.97,3.9
85d9eb9ddc5d00ca9336a2219c97bb13,24029.58,509,14.74,4.17
05ff92fedb5be47920fea08e501238b9,23808.17,59,12.25,4.21
0dd184061fb0eaa7ca37932c68ab91c5,23766.42,161,11.25,3.95
59fb871bf6f4522a87ba567b42dafecf,23754.76,126,12.08,4.21
ff69aa92bb6b1bf9b8b7a51c2ed9cf8b,23695.2,20,11.46,3.65
00ee68308b45bc5e2660cd833c3f81cc,23440.66,135,9.17,4.33
7b0df942f46435babab05d49b744b2c4,23272.78,32,11.09,4.39
004c9cd9d87a3c30c522c48c4fc07416,23263.94,158,14.43,4.14
f457c46070d02cadd8a68551231220dd,22807.22,199,14.45,3.77
bfd27a966d91cfaafdb25d076585f0da,22645.05,117,12.37,4.28
48162d548f5b1b11b9d29d1e01f75a61,22592.17,68,11.22,3.76
dc317f341ab0e22f39acbd9dbf9b4a1f,22570.13,55,12.16,4.12
44073f8b7e41514de3b7815dd0237f4f,21901.93,144,13.17,3.76
128639473a139ac0f3e5f5ade55873a5,21694.45,533,14.41,4.18
0c8380b62e38e8a1e6adbeba7eb9688c,21455.83,182,12.58,4.03
41b39e28db005d9731d9d485a83b4c38,21042.91,195,12.49,4.14
cd68562d3f44870c08922d380acae552,20777.19,125,16.78,3.84
821fb029fc6e495ca4f08a35d51e53a5,20740.25,28,16.36,3.43
54a1852d1b8f10312c55e906355666ee,20614.4,200,11.52,4.34
7aa4334be125fcdd2ba64b3180029f14,20603.33,217,15.98,4.05
86ccac0b835037332a596a33b6949ee1,20588.6,180,11.86,4.0
fa40cc5b934574b62717c68f3d678b6d,20586.77,307,11.2,4.44
76d64c4aca3a7baf218bf93ef7fa768d,20455.29,64,10.72,4.12
96493fab2fbb13a14d0c0e8772eef5c3,20181.23,63,13.39,4.03
d650b663c3b5f6fb392b6326366efa9a,20153.04,60,9.84,4.2
2a5b78b41cd05baeac8df54c6606b92c,20132.83,49,9.34,4.08
1e8b33f18b4f7598d87f5cbee2282cc2,20011.3,123,7.79,4.28
527801b552d0077ffd170872eb49683b,20005.36,90,13.01,4.48
c33847515fa6305ce6feb1e818569f13,19894.26,114,9.56,3.72
4b9750c8ad28220fe6702d4ecb7c898f,19305.1,218,9.41,4.35
9de4643a8dbde634fe55621059d92273,19282.41,72,15.0,4.53
2a84855fd20af891be03bc5924d2b453,19270.61,164,8.54,4.24
79ebd9a61bac3eaf882805ed4ecfa12a,19105.14,136,15.33,4.0
165fc07beebdcb6190fba8a06db2a449,19081.43,50,13.49,3.69
4c2b230173bb36f9b240f2b8ac11786e,18989.84,261,12.8,3.76
a888faf2d1baececa6baf9c3d603ee1f,18887.32,54,17.91,4.05
213b25e6f54661939f11710a6fddb871,18839.96,155,15.23,3.79
c72de06d72748d1a0dfb2125be43ba63,18733.18,21,9.71,4.45
94144541854e298c2d976cb893b81343,18715.65,68,12.35,4.33
ef0ace09169ac090589d85746e3e036f,18538.95,129,12.56,4.34
4a3ccda38b2129705f3fb522db62ca31,18494.93,66,13.36,3.72
0adac9fbd9a2b63cccaac4f8756c1ca8,18460.22,110,12.78,3.89
2138ccb85b11a4ec1e37afbd1c8eda1f,18426.25,396,11.26,3.9
abe42c5d03695b4257b5c6cbf4e6784e,18158.23,50,14.36,3.92
229c3efbfb0ea2058de4ccdfbc3d784a,18106.57,121,10.84,3.64
1b4c3a6f53068f0b6944d2d005c9fc89,17791.67,113,14.34,4.1
8ae520247981aa06bc94abddf5f46d34,17766.34,65,10.98,4.45
01fdefa7697d26ad920e9e0346d4bd1b,17690.07,129,10.75,4.35
66922902710d126a0e7d26b0e3805106,17581.07,151,11.39,4.45
d921b68bf747894be13a97ae52b0f386,17403.81,77,9.98,4.56
5cf13accae3222c70a9cac40818ae839,17402.47,149,10.63,4.44
ce248b21cb2adc36282ede306b7660e5,17296.95,65,15.6,4.2
e5a38146df062edaf55c38afa99e42dc,17254.59,121,12.23,3.94
d94a40fd42351c259927028d163af842,17220.94,101,13.69,4.1
6d66611d7c44cc30ce351abc49a68421,16854.37,166,12.12,3.91
2e90cb1677d35cfe24eef47d441b7c87,16782.16,127,12.1,4.04
669ae81880e08f269a64487cfb287169,16621.46,162,11.99,4.14
f9244d45189d3a3605499abddeade7d5,16607.42,21,15.18,4.29
1f1bb1f0859883505541bdd6606193e5,16562.87,27,14.17,4.31
3b15288545f8928d3e65a8f949a28291,16513.69,104,14.33,3.89
6061155addc1e54b4cfb51c1c2a32ad8,16513.31,28,5.79,4.7
a673821011d0cec28146ea42f5ab767f,16490.14,129,12.57,3.89
75d34ebb1bd0bd7dde40dd507b8169c3,16479.51,62,16.07,3.82
c847e075301870dd144a116762eaff9a,16460.78,42,16.81,4.17
a3e9a2c700480d9bb01fba070ba80a0e,16323.89,130,13.15,4.02
cfb1a033743668a192316f3c6d1d2671,16236.2,147,11.87,3.96
8e6d7754bc7e0f22c96d255ebda59eba,16212.51,85,14.08,2.97
a5cba26a62b8b4d0145b68b841e62e7f,16120.66,54,13.2,4.53
6edacfd9f9074789dad6d62ba7950b9c,16087.6,208,9.05,4.37
6039e27294dc75811c0d8a39069f52c0,16047.17,64,17.98,3.83
1f9ab4708f3056ede07124aad39a2554,16043.51,78,14.57,4.09
440dd6ab244315c632130ecfb63827b1,15793.21,94,16.67,3.85
ac3508719a1d8f5b7614b798f70af136,15792.23,103,9.46,4.57
701938c450705b8ae65fc923b70f35c7,15792.12,75,12.52,3.77
05f51e13da97139648b8125c31e5f51b,15788.3,60,12.29,4.1
530ec6109d11eaaf87999465c6afee01,15640.21,97,10.71,4.22
289cdb325fb7e7f891c38608bf9e0962,15639.29,110,6.66,4.58
b8bc237ba3788b23da09c0f1f3a3288c,15621.16,45,11.92,4.35
a7f13822ceb966b076af67121f87b063,15595.12,75,22.16,3.44
c31eff8334d6b3047ed34bebd4d62c36,15586.05,122,12.77,3.85
080199a181c46c657dc5aa235411be3b,15544.88,79,8.11,4.61
aba1721a889e04decc910aa13b768ef4,15352.47,83,9.19,4.46
431af27f296bc6519d890aa5a05fdb11,15250.85,117,16.94,3.77
c6bda72e4dbf5c5866b13cb1810c6d03,15196.12,59,10.21,4.4
48436dade18ac8b2bce089ec2a041202,15183.64,138,14.15,4.05
2e1c9f22be269ef4643f826c9e650a52,15122.37,167,9.72,4.16
0ea22c1cfbdc755f86b9b54b39c16043,15075.31,237,11.02,4.32
0b35c634521043bf4b47e21547b99ab5,15008.74,51,17.42,3.49
1ca7077d890b907f89be8c954a02686a,15001.43,115,15.03,2.2
9e6229250fedbe05838fef417b74e7fb,14986.65,74,11.89,3.9
00fc707aaaad2d31347cf883cd2dfe10,14969.99,103,15.77,3.79
ef506c96320abeedfb894c34db06f478,14968.43,324,13.34,3.9
d50d79cb34e38265a8649c383dcffd48,14944.68,70,13.16,4.25
e26901d5ab434ce92fd9b5c256820a4e,14938.88,202,9.3,4.06
e8b3a3a38279a82f0e5d006d5e5b7d2c,14916.39,87,16.89,3.73
ce7d1888639e6fb06b2749cbfdac1ff7,14876.54,78,14.19,4.11
813348c996469b40f2e028d5429d3495,14800.43,179,10.2,4.0
2b1a40c1daabc6ca280c4b815c101841,14634.88,23,13.91,3.63
d05ae8f7a5bd1d2a690a44cd079e4e27,14595.43,78,11.24,3.79
240b9776d844d37535668549a396af32,14452.65,36,11.36,4.28
34d1ca11b242c0fee2c834ae8d788566,14404.28,40,13.13,4.3
0be8ff43f22e456b4e0371b2245e4d01,14384.65,161,10.34,3.89
8d956fec2e4337affcb520f56fd8cbfd,14343.14,211,9.3,4.19
d6b1ce66b035a475f00c017792ff9769,14315.88,92,10.17,4.17
cab85505710c7cb9b720bceb52b01cee,14295.24,206,10.18,4.29
99eaacc9e6046db1c82b163c5f84869f,14274.52,66,15.01,3.9
95e03ca3d4146e4011985981aeb959b9,14243.5,175,12.35,4.0
80e6699fe29150b372a0c8a1ebf7dcc8,14154.9,98,11.49,4.29
ff063b022a9a0aab91bad2c9088760b7,14061.27,94,9.4,4.28
e24fc9fcd865784fb25705606fe3dfe7,13966.71,52,12.65,4.2
7202e2ba20579a9bd1acb29e61fe71f6,13916.16,53,13.23,3.83
5a8e7d5003a1f221f9e1d6e411de7c23,13866.19,139,10.47,4.17
8cc6a0e5738e61a87b03c78b2ba9db4b,13838.22,24,16.69,4.15
b372ee768ed69e46ca8cdbd267aa7a38,13813.84,63,12.32,4.4
6cd68b3ed6d59aaa9fece558ad360c0a,13718.46,149,10.46,4.45
adbc26658d6c7b4b6219f9d934598091,13692.25,88,17.18,4.05
c66dccfb3f109511246da627dd5a2498,13682.25,45,11.35,4.49
c8b0e2b0a7095e5d8219575d5e7e1181,13657.34,84,10.06,4.05
c60b801f2d52c7f7f91de00870882a75,13652.89,41,16.1,3.32
056b4ada5bbc2c50cc7842547dda6b51,13639.41,65,12.71,4.12
6e386f64c84e482f0b9abf960797ee1b,13563.66,30,10.48,4.61
70c27847eca8195c983ed7e798c56743,13529.18,77,10.85,4.2
1d8dbc4f32378d715c717c1c1fc57bae,13421.05,92,15.57,3.9
25e6ffe976bd75618accfe16cefcbd0d,13396.85,108,9.98,4.38
ed4acab38528488b65a9a9c603ff024a,13369.76,32,9.19,3.73
09f952a5f58d2285b0372551ae8f9b01,13346.46,50,13.15,3.88
ca3bd7cd9f149df75950150d010fe4a2,13171.37,71,13.79,3.72
54965bbe3e4f07ae045b90b0b8541f52,13164.84,78,26.73,2.94
23d7c96d4a1160db1c726b248601b25a,13146.52,53,13.26,3.82
d1b65fc7debc3361ea86b5f14c68d2e2,13141.8,40,9.07,4.56
562fc2f2c2863ab7e79a9e4388a58a14,13119.34,260,11.26,4.24
5058e8c1e82653974541e83690655b4a,13077.93,63,26.44,3.08
1da3aeb70d7989d1e6d9b0e887f97c23,13055.36,265,8.35,4.08
ce27a3cc3c8cc1ea79d11e561e9bebb6,13011.87,135,10.08,3.87
f262cbc1c910c83959f849465454ddd3,12989.85,192,8.95,4.09
66e0557ecc2b4dbea057e93f215f68d8,12977.99,31,31.73,3.94
4830e40640734fc1c52cd21127c341d4,12970.02,210,9.94,4.1
7040e82f899a04d1b434b795a43b4617,12955.98,212,10.24,3.53
b499c00f28f4b7069ff6550af8c1348a,12905.08,152,10.82,4.14
dd2bdf855a9172734fbc3744021ae9b9,12853.88,108,15.25,3.79
c9c7905cffc4ef9ff9f113554423e671,12766.71,127,11.06,4.16
f3b80352b986ab4d1057a4b724be19d0,12692.73,87,10.61,4.13
7ea5bfa6c340f58f8e71fc1f0412b0d6,12663.88,98,12.74,4.08
d71d863e5ef30d94e440c11be17dcd8f,12655.65,29,19.68,3.24
72c5da29406b4234927b81855e7b64f6,12652.47,31,10.8,4.13
1c129092bf23f28a5930387c980c0dfc,12589.29,201,11.59,4.17
7901646fdd36a55f564ffaf2dbccaaf7,12478.83,22,9.88,4.44
82e0a475a88cc9595229d8029273f045,12415.92,42,15.26,3.35
5343d0649eca2a983820bfe93fc4d17e,12393.23,71,11.36,3.61
6973a06f484aacf400ece213dbf3d946,12374.62,95,14.99,3.53
c864036feaab8c1659f65ea4faebe1da,12299.77,58,12.28,4.57
33a6f4b1e7cdc205511e76ba1b6e0186,12183.91,105,8.54,4.36
17ca9b9e9b9ef8fdb529001b49ebb50f,12120.72,116,8.06,4.01
f80edd2c5aaa505cc4b0a3b219abf4b8,12108.94,119,12.15,4.08
dd7ddc04e1b6c2c614352b383efe2d36,12072.0,122,14.82,3.76
4e7c18b98d84e05cbae3ff0ff03846c2,12053.88,82,12.09,4.14
bd23da7354813347129d751591d1a6e2,12011.13,89,9.83,4.02
9d5a9018aee56acb367ba9c3f05d1d6a,11982.21,67,14.43,4.41
8b28d096634035667e8263d57ba3368c,11967.15,143,14.29,3.86
31344c16881c08a8a72c6d2eb29918c1,11912.62,43,15.7,4.35
fffd5413c0700ac820c7069d66d98c89,11896.04,60,13.74,3.87
32b8764b4ef628b53608fc34011fcc13,11854.42,36,11.27,4.24
01cf7e3d21494c41fb86034f2e714fa1,11738.18,61,11.57,4.21
aaed1309374718fdd995ee4c58c9dfcd,11708.02,105,12.2,4.05
aafe36600ce604f205b86b5084d3d767,11673.2,129,12.44,4.38
9b013e03b2ab786505a1d3b5c0756754,11631.61,174,8.0,4.0
36a968b544695394e4e9d7572688598f,11628.87,154,10.73,3.63
3db66a856d18a9cba7c9241fc5221c50,11522.66,94,15.83,4.19
0df3984f9dfb3d49ac6366acbd3bbb85,11520.21,87,9.61,4.3
9d4db00d65d7760644ac0c14edb5fd86,11512.81,98,8.07,4.52
92eb0f42c21942b6552362b9b114707d,11492.67,341,13.48,3.93
6c7d50c24b3ccd2fd83b44d8bb34e073,11470.19,114,12.14,4.39
5656537e588803a555b8eb41f07a944b,11442.96,174,11.42,3.8
cbd996ad3c1b7dc71fd0e5f5df9087e2,11284.96,165,12.84,4.08
259f7b5e6e482c230e5bfaa670b6bb8f,11265.25,138,8.6,4.21
81a1104df0f08b59c68aa5b03cfe398e,11235.27,73,12.83,4.27
ea566164622c6b439516ab18062c42cd,11167.98,50,14.23,3.75
066a6914e1ebf3ea95a216c73a986b91,11115.95,68,14.17,3.97
e5a3438891c0bfdb9394643f95273d8e,11112.62,224,15.38,3.83
0db783cfcd3b73998abc6e10e59a102f,11076.55,132,11.66,4.21
7b07b3c7487f0ea825fc6df75abd658b,11074.64,93,9.45,4.34
624f4ece8da4aafb77699233d480f8ef,10927.37,53,13.52,4.19
18a349e75d307f4b4cc646a691ed4216,10909.56,121,11.07,3.39
7008613ea464bad5cb9b83456e1e6a8f,10860.05,127,14.1,4.28
73a63f72308aa20a46f4b1632018f196,10785.79,29,11.39,4.05
054694fa03fe82cec4b7551487331d74,10703.75,21,30.17,3.36
b92e3c8f9738272ff7c59e111e108d7c,10645.3,62,16.31,4.06
cb8bcce248bb1fb274ba762d8b971456,10635.02,68,12.57,4.26
9596c870880d900012f2e8e6e30d06d7,10615.33,22,13.44,4.04
17306570e772e7718c92a562d33f5f1d,10600.63,29,13.96,3.63
a49928bcdf77c55c6d6e05e09a9b4ca5,10574.25,98,16.94,2.95
7b1222c3624aa89b9558b50a2594188c,10561.09,22,17.67,4.45
048c2757535328e0d7dac690ad3c0aae,10551.06,51,18.51,4.18
f27e33c6d29b5138fa9967bcd445b6d5,10482.25,93,12.44,4.09
5b8154610ebb21fb90eb587365e673df,10474.98,38,13.16,4.2
0bae85eb84b9fb3bd773911e89288d54,10406.4,137,10.27,4.21
b2ac621f0d0322434d04a12b078b9369,10356.89,30,14.67,4.4
e96498ed8daaa3e9c23f7a62da76591c,10332.19,34,15.2,3.94
febab0275244b9a49a623f0bd613ca2f,10289.17,109,8.17,4.26
8e8a7ce9f2f970dc00e2acf6f6e199f6,10284.82,65,12.2,4.03
b1a81260566c1bac3114a6d124413f27,10250.2,51,8.56,4.22
972d0f9cf61b499a4812cf0bfa3ad3c4,10240.59,83,18.17,2.96
d98eec89afa3380e14463da2aabaea72,10225.31,168,8.54,4.29
b1fc4f64df5a0e8b6913ab38803c57a9,10140.99,107,15.73,3.78
5f2684dab12e59f83bef73ae57724e45,10123.06,68,10.28,3.77
3c487ae8f8d7542beff5788e2e0aea83,10105.35,30,13.41,3.91
640e21a7d01df7614a3b4923e990d40c,10045.12,116,10.45,4.26
e7df4cd29ab5abab70fb0783ddb53987,10022.07,23,10.35,4.29
7a241947449cc45dbfda4f9d0798d9d0,10018.1,62,12.76,3.58
6d803cb79cc31c41c4c789a75933b3c7,9925.07,58,12.89,4.28
7d456afc660226829370f3173d14520c,9857.87,56,9.03,4.27
2dee2ce60de9709b1a24083217181a1f,9844.56,54,14.45,4.36
3078096983cf766a32a06257648502d1,9700.9,59,12.08,4.2
4371b634e0efc0e22b09b52907d9d469,9678.79,102,10.74,4.41
ebd2d60905fb58271facef5596b620d3,9675.02,84,12.88,4.13
06df0c10d34e459d9672bc77388742eb,9595.77,26,9.7,4.37
db2956745b3a8e9f3785c99f34b5d25e,9574.27,47,14.35,3.73
2089a6d640999f9b9141ac719b2af596,9525.94,44,19.53,3.73
8a432f4e5b471f8da497d7dc517666e2,9520.11,95,7.96,4.2
aac29b1b99776be73c3049939652091d,9465.52,98,14.37,3.94
33a17d60c64393351ebf1ef860f4e0f2,9431.86,43,10.58,4.62
37515688008a7a40ac93e3b2e4ab203f,9417.7,228,15.08,4.08
750303a20e9c56b2a6bc45cdce0b897d,9394.81,54,13.66,4.28
6c177e38df6d3f34182b1f1d427231bf,9376.53,55,14.3,4.04
af4a0e4cfe1d9c26b6712b1be25a72e5,9351.6,21,12.82,3.5
fdb9095204a334cd8872252ffec6f2db,9289.37,46,8.87,4.14
609e1a9a6c2539919b8205cf7c4e6ff0,9282.42,87,10.34,3.6
ad781527c93d00d89a11eecd9dcad7c1,9279.26,44,25.5,3.07
a2e874074c877c5a05abae80ad6e488f,9274.8,44,19.19,3.91
fcb5ace8bcc92f75707dc0f01a27d269,9273.33,62,10.43,3.79
b18dc380845b24038cfc48006478f099,9248.93,44,13.99,3.92
93dc87703c046b603023e75222018b45,9206.29,35,19.72,4.0
4bfc7a4a1cf8d4d2121c27422d9e50b5,9191.59,26,8.03,4.23
b4ffb71f0cb1b1c3d63fad021ecf93e1,9176.07,144,9.75,4.02
725c32fa80c2faacc4fc88450d27314e,9166.66,89,9.48,4.54
7722b1df1b0e383e000397b2c11e3e19,9165.3,134,8.59,4.22
bd0389da23d89b726abf911cccc54596,9128.47,87,13.49,4.2
8e6cc767478edae941d9bd9eb778d77a,9115.41,106,16.5,3.89
903037660cf848a717166eb7a06d616e,9083.28,45,11.61,3.77
08633c14ef2db992c11f840f04fad4cd,9068.82,74,10.11,4.24
0432ead42b6c8a0bdf68154add917fdf,8999.62,85,8.86,4.48
8648b1e89e9b349e32d3741b30ec737e,8946.05,95,9.25,4.03
26d8a1c7c75d513045798992ead43aa2,8945.78,36,12.48,4.24
784ba75dd9d20200c4caed3d7a77141a,8924.95,21,13.33,3.6
6fd52c528dcb38be2eea044946b811f8,8881.58,67,21.19,3.5
5d0363b33554b373851fc1622e4d5f3c,8802.97,94,12.73,4.05
5b925e1d006e9476d738aa200751b73b,8801.84,63,10.89,4.6
4e17c65a516f69d023a2ae78b84f28d6,8794.8,61,14.78,4.08
8a32e327fe2c1b3511609d81aaf9f042,8792.04,132,9.1,3.78
dbb9b48c841a0e39e21f98e1a6b2ec3e,8768.26,108,9.95,4.2
b410bdd36d5db7a65dcd42b7ead933b8,8733.61,44,9.2,4.66
062ce95fa2ad4dfaedfc79260130565f,8721.44,55,13.34,3.97
e333046ce6517bd8bb510291d44f0130,8699.32,68,10.0,4.39
1da366cade6d8276e7d8beea7af5d4bf,8673.73,43,17.41,3.94
1127b7f2594683f2510f1c2c834a486b,8673.04,114,10.25,4.09
ececbfcff9804a2d6b40f589df8eef2b,8661.06,98,13.07,4.12
2c9e548be18521d1c43cde1c582c6de8,8603.05,126,13.73,3.92
3bb548e3cb7f70f28e3f11ee9dce0e59,8586.81,46,10.68,3.98
058fd0aa2bfdb2274e05e1ae971dabb6,8555.8,61,10.22,4.39
a420f60ff1aa9acc80d0e42959f2b313,8543.27,67,11.35,3.93
cc63f0dd2acba93ffed4fe9f8e0321fa,8496.68,55,9.02,4.05
42bde9fef835393bb8a8849cb6b7f245,8487.84,35,9.83,4.2
4aba391bc3b88717ce08eb11e44937b2,8435.21,29,16.73,3.9
282f23a9769b2690c5dda22e316f9941,8386.96,99,11.21,4.3
6a51fc556dab5f766ced6fbc860bc613,8370.25,26,15.2,3.94
381c83fdca332ea6afd896da20bf6e4a,8355.01,46,12.69,4.39
e2aee0892199b1d92530e371abd825bf,8317.29,38,14.99,3.8
aced59e9b31ef866a94f9e7f29d8d418,8315.8,61,9.67,4.45
34056b8b55c1775a22af2331670a799c,8229.89,78,12.93,4.0
6a8b085f816a1f75f92dbac6eb545f8f,8196.96,127,14.37,4.13
e0a366315b1b726b6c7832d664c0f530,8145.17,43,7.46,4.33
cee48807215b30a12ca2ca10ffb5f250,8125.52,39,23.41,3.7
b14db04aa7881970e83ffa9426897925,8123.95,83,15.62,3.76
516e7738bd8f735ac19a010ee5450d8d,8109.32,76,8.78,4.55
b347677812ea483b0f528eaf8cbc09b7,8051.34,21,13.22,4.52
670c26e0f1bf8d0576271d5cfaec6d2b,8035.63,78,13.74,4.31
d13e50eaa47b4cbe9eb81465865d8cfc,8012.84,67,4.97,4.81
11305281b50fff20ae8bb473f8e11876,7973.21,35,14.01,4.35
dee656f0f566ed1aa85bd137c943f08f,7968.67,93,12.48,4.38
f84a00e60c73a49e7e851c9bdca3a5bb,7951.76,90,11.27,3.67
080102cd0a76b09e0dcf55fcacc60e05,7912.71,124,9.72,4.49
58f1a6197ed863543e0136bdedb3fce2,7903.69,44,10.39,4.16
688756f717c462a206ad854c5027a64a,7901.45,83,10.77,3.78
fa1a9dec3a9940c072684a46728bf1fc,7875.71,55,14.59,3.98
bacb1f0ed56ad24198f5810d2b3fe9a5,7833.39,42,9.78,4.08
6b243f80ed07b10f0e8aa0f21a205f3c,7807.4,79,11.02,4.02
d624126b9206f595fb3fbb6ba03b28a8,7768.5,23,10.13,4.33
8c16d1f32a54d92897cc437244442e1b,7754.67,108,10.98,4.33
751bdc4d83a466c7206cd42e8f426b03,7703.74,54,11.12,3.62
dd55f1bb788714a40e7954c3be6df745,7701.18,35,18.75,3.81
376a891762bbdecbc02b4b6adec3fdda,7693.63,57,12.12,4.67
d9bd94811c3338dceb4181f3dbc0c73e,7682.11,54,7.77,4.82
83e197e95a1bbabc8c75e883ed016c47,7680.06,47,10.49,4.75
ff1fb4c404b2efe68b03350a8dc24122,7666.95,46,9.91,4.06
63b464dbf392c7b80d12d932fa7cafed,7662.25,37,13.19,3.69
57e632711dec9ec14ca7546769483e7e,7558.04,62,10.78,4.45
f46490624488d3ff7ce78613913a7711,7550.67,83,10.09,3.46
b19f3ca2ea475913750f25a5c37c8d8f,7549.55,24,18.39,2.79
9616352088dcf83a7c06637f4ebf1c80,7490.57,92,12.48,4.24
3340ef1913fb70d28420f6ceb685c339,7481.55,32,15.51,4.33
e5e33c0d8e7e002f398f5dc4cbbb338f,7477.33,28,11.95,4.34
679769a98cfcc6da877c8486ff1c13f3,7467.39,21,9.54,4.57
ba143b05f0110f0dc71ad71b4466ce92,7453.59,85,10.28,4.42
7dc8c42cc750eeafea6c85712ffee9bf,7445.09,41,8.66,4.26
05d2173d43ea568aa0540eba70d2ca76,7438.93,62,14.65,4.0
5b67882648febfb6e1225e6ad7164f6b,7432.42,27,12.25,4.03
2a261b5b644fa05f4f2700eb93544f2c,7396.73,51,14.46,3.35
0691148aee60ca47977c187804f935ae,7359.45,47,13.01,3.99
6f892e20a171e98efe17fdb971ff319b,7342.86,44,16.76,3.73
40d54b51e962dbe09cabbcfd33298dee,7323.25,30,7.22,3.9
3ade81dab5a172b88e1871c28ae05260,7302.99,30,13.8,4.06
4c03b9dd4c11ee2cb35c96c49efc9420,7302.33,48,10.53,4.11
bd4889b5e9133b35b66e42a8665cea5c,7256.54,36,10.21,4.46
3be634553519fb6536a03e1358e9fdc7,7226.65,83,9.78,3.93
5670f4db5b62c43d542e1b2d56b0cf7c,7212.65,22,8.53,4.41
02f623a8eb246f3c5f7c2f96462654e6,7207.63,44,8.48,4.56
ea67327e24487bdfac5fbfa37ea124df,7180.28,32,8.65,3.56
537eb890efff034a88679788b647c564,7178.9,160,9.12,4.16
91f848e9f4be368f4318775aac733370,7168.16,63,10.34,4.27
4b5f66b7adcf57f1ecc0d3c07dd6b177,7115.96,23,13.6,4.08
e8b4225284fbb02d16f200513f1f395d,7086.13,31,10.22,4.19
b2479f944e1b90cf8a5de1bbfde284d6,6992.22,103,15.44,3.32
b6d44737c043328708f6749c2dbe50bd,6935.2,62,7.91,4.53
e9d99831abad74458942f21e16f33f92,6916.06,130,12.63,3.91
f12ff17ad8bbf01ec5c33b17e506649b,6892.73,29,13.79,3.83
50c9975695009e5e6473912e83a6d1da,6883.95,50,15.21,3.99
0bf0150d5b9d60d9cd2906003332f085,6872.34,39,14.13,3.71
dfc5fb7259bb2b599ca565e6e9448f0f,6845.98,33,14.35,4.12
bba74270a87732727b5a3b4fd9ac1c39,6760.44,36,9.28,3.8
3df020b72d3d44b3af9d110fa3940b65,6749.47,55,12.83,3.95
b4a476fbd28de64b1e347abf9089366a,6735.95,33,11.86,3.76
98dac6635aee4995d501a3972e047414,6675.37,91,8.5,3.88
9baf5cb77970f539089d09a38bcec5c3,6673.4,32,14.81,4.33
f4c4daa86e30c7e5a553a8d518ac03a5,6671.2,20,16.64,3.7
f181738b150df1f37cb0bd72e705b193,6632.75,36,9.14,4.49
4917cee8d902e13428c3ec4b1ca6f315,6621.54,33,18.08,4.16
45ba18c210d42734ec52c0c1c574e9ee,6562.09,38,7.17,3.83
dfa0c4c6229ab200a4a1336b4d7128ff,6544.21,77,9.64,4.01
94e93ce877be27a515118dbfd2c2be41,6542.72,30,13.38,3.94
dbd66278cbfe1aa1000f90a217ca4695,6472.77,85,9.06,4.45
0d85bbda9889ce1f7e63778d24f346eb,6469.7,51,18.32,4.21
23613d49c3ac2bd302259e55c06c050c,6460.76,70,13.89,3.66
7d76b645482be4a332374e8223836592,6431.54,176,13.26,3.93
fc906263ca5083d09dce42fe02247800,6383.28,114,9.35,4.37
709e16e2b25c7474d980076c6bfc4806,6378.86,60,10.46,4.53
e62b2d6ac10570a035a30bafcf01d263,6375.47,62,14.71,3.83
1336efc61c316ddf92c899eb817f7cae,6355.29,74,11.71,3.94
f84fa566034f5e8e880a07ec624c56af,6326.7,91,11.47,4.27
817245bcc3badd82bbd222e0366951a6,6303.08,29,11.01,4.07
9674754b5a0cb32b638cec001178f799,6284.83,86,7.95,4.0
83deb69e889cf80f82be1dc6d5f2d486,6276.65,40,15.74,4.36
afe0067131b73e40875c9b6c10bd2e21,6255.85,46,15.47,4.2
b39d7fe263ef469605dbb32608aee0af,6255.77,44,13.3,3.75
06579cb253ecd5a3a12a9e6eb6bf8f47,6226.61,62,10.96,3.76
23c38debaffe4a25a30fdbd9b586a13f,6216.56,41,11.56,4.3
abcd2cb37d46c2c8fb1bf071c859fc5b,6200.62,45,13.68,4.25
7e3f87d16fb353f408d467e74fbd8014,6193.7,92,12.56,4.13
575df70bde3f9f2b30bf8d2e9910d725,6163.42,27,13.31,4.12
1bb2bdb95f4841f1bba2c0d2cd83d3c9,6149.27,81,12.31,4.58
0cbcee27c791afa0cdcb08587a2013a8,6141.31,39,13.42,3.85
d566c37fa119d5e66c4e9052e83ee4ea,6124.92,65,5.83,4.72
835f0f7810c76831d6c7d24c7a646d4d,6094.03,44,18.48,3.3
d66c305afaec317ebee552073a674429,6085.7,41,10.06,4.4
f680f85bee2d253556ac91be391d2c82,6077.34,45,10.35,4.3
cc3d14116804f7209f3884f6367f1152,6060.59,27,13.04,4.67
8bb48dc19fccaa8613b6229bf7f452a2,6048.12,82,11.17,4.34
e067ad2c1c0b48758eb1b5228bcf7a68,6047.91,54,14.49,4.13
f67efa3f0b6761102a7f8c6b7b571f5d,6030.17,31,9.83,4.44
0176f73cc1195f367f7b32db1e5b3aa8,6020.11,38,13.38,4.03
9add47bf45ce8e8c7db6b9cf670b1e09,5987.28,43,12.26,4.2
916c9de0b5ad957346eeeb12f332687e,5973.78,23,8.17,4.39
f7496d659ca9fdaf323c0aae84176632,5932.51,26,12.47,4.59
acce39e832338debb07b02385cde5967,5923.66,44,7.05,4.48
8b9d6eec4a7eb7d0f9d579ce0b38324d,5916.98,49,10.04,4.06
e06f09ec0a4aca210779cf1cfc63cf19,5901.41,29,15.06,4.02
3ab971ce71839580d2ae5b4e40fe8044,5899.05,36,6.74,3.89
2ff97219cb8622eaf3cd89b7d9c09824,5866.03,89,8.79,4.54
3c7c4a49ec3c6550809089c6a2ca9370,5858.3,141,9.76,3.71
5b179e9e8cc7ab6fd113a46ca584da81,5839.14,34,12.67,3.51
30a2f535bb48308f991d0b9ad4a8c4bb,5815.36,71,8.41,4.25
b561927807645834b59ef0d16ba55a24,5807.03,85,12.52,4.34
bbad7e518d7af88a0897397ffdca1979,5800.42,69,15.28,3.04
55d3daac7c404d59e51c2aa2f4dc5a23,5790.48,21,8.79,3.93
02ecc2a19303f05e59ce133fd923fff7,5742.4,21,10.82,4.54
45d33f715e24d15a6ccf5c17b3a23e3c,5742.16,59,11.53,4.05
f789d2c4f2c2eb38fc4373e7a4b35264,5733.24,44,10.9,4.18
cac4c8e7b1ca6252d8f20b2fc1a2e4af,5722.54,75,19.9,3.53
d20b021d3efdf267a402c402a48ea64b,5715.17,90,16.66,3.64
1a932caad4f9d804097d7f8e615baed1,5701.45,20,8.81,3.57
5bffbafbb22daf6d3bfc216a46db8708,5694.2,21,8.64,4.7
582d4f8675b945722eda7c0cb61ba4c7,5683.93,59,10.59,4.11
fad44952713764836814be105382aee5,5636.88,32,10.79,4.28
2a7dc43cecabf23403078e2188437d1d,5629.62,52,12.96,4.09
ad420dd0c4f92f8af951ac24b86d0cf5,5618.4,42,14.7,4.16
11bfa66332777660bd0640ee84d47006,5608.54,76,16.17,3.78
e0878efa0e0b7e5313ac0b43bc04c081,5594.91,27,18.22,3.45
a3f0b55de503387383c7b1de3ad7f678,5577.74,24,10.48,4.38
cc5a78bbad32776dc4e3af205218368c,5573.35,33,7.64,4.47
ef990a83bbea832f36ebe81376335aa8,5557.24,43,16.85,3.66
822166ed1e47908f7cfb49946d03c726,5535.95,69,13.87,3.92
4bf2f4ee540798a61f9636d12cd9cc80,5501.01,29,13.48,4.17
d379f449f2a3b271bc01c0782020f705,5499.8,28,13.58,3.93
d673a59aac7a70d8b01e6902bf090a11,5499.56,79,13.79,3.96
834f8533b2ecb6598dd004ff3de7203a,5496.31,43,15.05,3.72
951e8cef368f09bb3f3d03c00ca4702c,5493.09,64,9.19,4.12
891071be6ba827b591264c90c2ae8a63,5454.35,92,13.21,3.7
0ef83d7d83ed97cd2a0049ac8be5f88a,5447.81,48,9.62,4.24
42b729f859728f5079499127a9c2ef37,5434.07,104,7.89,4.35
c68fb906c8f4b4b946d8386bfa6e5467,5433.61,45,11.16,4.51
8bd0f31cf0a614c658f6763bd02dea69,5423.32,33,10.12,4.21
db4350fd57ae30082dec7acbaacc17f9,5421.64,137,10.87,4.12
a3dd39f583bc80bd8c5901c95878921e,5412.16,34,12.53,4.59
4c498c7345e89aebad651544829beca0,5389.76,48,10.83,4.29
503c1de08ae81a2d86f17951b204db55,5321.9,22,13.49,4.41
6860153b69cc696d5dcfe1cdaaafcf62,5318.23,74,10.23,4.16
715bbd5ba4e6b74cb0d2f29eb45058b0,5315.88,62,11.97,4.47
beadbee30901a7f61d031b6b686095ad,5311.52,64,13.54,3.94
65febd49fd28ec955651299159b1f527,5301.14,35,7.13,4.23
eed78ac17f7f795a19a709745f00cd4e,5195.84,22,9.83,3.41
d12c926d74ceff0a90a21184466ce161,5192.82,78,8.55,4.09
99002261c568a84cce14d43fcffb43ea,5188.33,36,16.84,3.72
0509040ea3fe50071181bbc359eb7738,5183.1,89,11.38,4.5
b17b679f4f5ce2e03ce6968c62648246,5160.82,55,19.11,3.61
232a6014e7b10cba61c6c2b2ea6bb4b0,5133.27,33,13.64,4.09
f0b47fbbc6dee9aafe415a6e33051b3f,5132.19,68,10.35,4.23
6fc26fe110feebd80a433e1f012a84f9,5128.06,35,11.44,4.01
1fe5540d7c1c37a595fefbacd5570d9e,5118.75,20,12.0,4.28
8931a84a914b3fe9b1ddaa4d704947ca,5092.89,29,13.05,3.77
b90e891671cffd9557f33a97dc523645,5081.31,34,7.58,4.13
8a130737016f838139d31878787a39c9,5064.32,56,10.24,4.35
6ec1a01e866584bb679eb9b098345919,5063.76,31,14.62,4.13
bccf933e006e9b94a6184af782963e77,5047.21,45,11.58,4.53
31da954dc0855f2495c6310f70a2f931,5032.71,29,8.12,4.23
99a54764c341d5dc80b4a8fac4eba3fb,5026.26,45,7.08,3.47
15aac934c58d886785ac1b17953ea898,5019.6,25,15.58,4.12
827f8f69dfa529c561901c4f2e0f332f,5003.96,91,13.23,4.26
382229d1e840115ffe3dbf5ff460e417,4966.62,46,8.99,4.27
6b3bd31ad8fcda4b2635ec9f3ff2ecdf,4955.92,36,12.87,3.86
fde0cc9ea29c8ccfc0a2c22256a58c71,4921.27,35,8.71,4.49
3c03b12bab54d8b37d79d914bfdb1aa0,4919.77,37,13.75,3.88
1b938a7ec6ac5061a66a3766e0e75f90,4897.83,30,11.38,4.24
b76dba6c951ab00dc4edf0a1aa88037e,4881.88,159,10.25,4.15
ec8879960bd2221d5c32f8e12f7da711,4881.38,36,16.5,4.31
55a5b51f93f2b70ea513f5a047b0262a,4849.38,39,13.73,4.49
e49c26c3edfa46d227d5121a6b6e4d37,4829.71,35,11.65,4.42
f3da5b2ff499efb8d4a6d371d175d7dd,4826.86,79,11.27,3.85
95f83f51203c626648c875dd41874c7f,4826.51,52,11.1,3.21
8f119a0aee85c0c8fc534629734e94fd,4826.45,77,9.9,4.22
6288c69c4ce638e59925e59193f98b16,4812.48,22,9.61,3.95
43f8c9950d11ecd03a0304a49e010da6,4807.22,41,11.5,4.56
520b493b57809f446cb0a233bb3e25c7,4762.87,63,7.38,4.38
cd6efc47efaabf134f8bdb654e10b4f1,4757.16,31,8.5,4.5
13d058e4eeac2ce8217660b2f8a05812,4755.88,23,11.4,4.22
f76a3b1349b6df1ee875d1f3fa4340f0,4748.98,24,17.02,3.46
3f3486b61f45078d4f31ee5e43d8c5bb,4726.57,40,13.88,4.33
81f89e42267213cb94da7ddc301651da,4721.18,46,7.64,3.54
602044f2c16190c2c6e45eb35c2e21cb,4677.44,50,15.83,2.96
1eade46fba20122dc4aefb379f8c636b,4673.71,58,12.07,4.31
8cbac7e12637ed9cffa18c7875207478,4654.35,67,13.54,4.15
bf3c6d2a28b2b5501e6c15448982dcc9,4648.15,35,10.61,4.42
2199e7fe213c16213bf5d6a7eadc9a5d,4647.78,25,11.15,4.29
6a0cbc8af2e8abd1bdfb777943d174c6,4639.42,35,15.51,4.06
3f995f07c49d0d55a99d5c54957f7d81,4627.2,43,9.59,4.21
406822777a0b9eb5c50e442dd4cd3ec5,4596.34,45,13.61,4.33
d5ba419e26d246a0719437cf37d9b46d,4581.51,34,9.78,3.82
681fce914360217db47784ae28905a96,4571.8,23,12.74,3.87
271c58a1d139c45eaf3316107c6d3a3b,4568.71,29,13.16,4.07
f4aba7c0bca51484c30ab7bdc34bcdd1,4557.5,110,10.89,3.9
e883aa812c37a7413226856f4579fe91,4554.46,26,10.0,3.9
238fac594e170b59c6d228f5a4f4f1d9,4545.52,29,12.48,3.97
3361277dc30b7cccdb0c286b24219756,4540.9,29,13.87,4.21
4559697a8f7e637227c2eeaed843baff,4474.27,42,12.94,4.05
7f152321c60a266edc53af1925ef96c1,4471.92,20,23.47,3.8
56642bcb79900e777d68e91915cb4267,4471.79,48,14.24,3.77
f00e21b1e91a79653163b7fd8f293ff1,4471.06,31,12.97,4.1
02f5837340d7eb4f653d676c7256523a,4463.88,30,9.66,4.83
66dc1b1632bd6a3e508510c5b3492107,4449.26,37,10.44,3.43
14d7985702e72162bbf13b6beb74ab2b,4441.0,37,11.15,4.34
870d0118f7a9d85960f29ad89d5d989a,4428.03,45,14.93,4.02
38e679b9e0064cd94c6f035707344dae,4418.1,28,11.19,3.93
1b8356dabde1d35e17cef975c3f82730,4413.61,56,10.26,4.08
070d165398b553f3b4b851c216b8a358,4396.75,32,11.01,3.5
3d8fa2f5b647373c8620330c4e077a9f,4390.55,43,9.32,4.1
79ed755314cfe6df0daef2c6cd3022cd,4366.66,23,9.28,4.7
edf96ef93ed595084bbcbd9224bd2894,4365.78,25,13.67,3.79
96804ea39d96eb908e7c3afdb671bb9e,4365.76,38,13.42,3.9
2745f798279e0ed033addcc1474776d7,4364.99,32,13.36,3.97
42fa4ee7240e9b8eb4576358ec142ba7,4364.47,22,6.92,4.81
3c4e0452bff7a2a788179488d3d77032,4352.52,32,13.53,3.74
ed4311e67debd72b8610a5347a743087,4342.81,25,8.01,4.48
6481e96574816ead57975da2c0f6d80d,4340.86,32,7.34,4.14
8b2492b7ff4468839593fafeed55bad9,4336.26,29,14.96,3.89
276677b5d08786d5dce7c2149dcce48b,4320.64,33,11.1,3.81
4c18691b6037662be2df78a765d98ab5,4316.51,63,9.12,3.84
2e13c71026e1a39ba5cc1b86dcb679aa,4310.21,24,10.37,4.25
e8f6dc8e6a1dcde89d20e3995c8d90b3,4308.02,36,12.73,3.35
23a0ffca143a15b9b5bbdb7d552f626a,4304.28,23,11.14,3.96
8090490573c6c0aa343a7231ebcb8c86,4298.03,26,10.09,4.19
c731d18cea9bf687ffee82a241c25b11,4272.65,24,7.65,3.96
df560393f3a51e74553ab94004ba5c87,4267.33,28,18.08,3.72
9646c3513289980f17226a2fc4720dbd,4247.32,71,12.62,4.26
5f5b43b2bffa8656e4bc6efeb13cc649,4232.65,27,14.03,4.45
994f04b3718c2bab35c2adfa8afecd2a,4221.21,49,13.49,4.28
e7d5b006eb624f13074497221eb37807,4220.42,28,10.95,3.11
643214e62b870443ccbe55ab29a4dccf,4199.78,66,9.54,4.43
5d3bb11474a06bdc23fb9e89f1164ee0,4178.82,31,9.75,3.94
3bdff180c7e1f6551a643b99c265a120,4161.86,59,10.29,4.02
71039d19d4303bf9054d69e9a9236699,4158.65,35,13.39,3.68
2d50d6282f8aa2257819a77bfaa0efe0,4151.52,44,13.76,3.64
33ac3e28642ab8bda860a2f693000e78,4151.12,34,8.66,4.23
594f9aaa48e5bf431f011ddc5669b0d5,4136.41,37,7.88,4.58
d57e18d5f73c7ccb7f7339b61166898d,4111.19,61,9.04,4.44
c0563dd588b775f2e37747ef6ad6c92c,4094.68,28,10.86,4.36
1838dd9b8977065acf51d95e0053ea7a,4075.88,64,12.56,4.24
6b90f847357d8981edd79a1eb1bf0acb,4059.73,45,5.48,4.36
f0837c8d71434931d9e38e7b79234797,4049.36,22,11.72,4.61
7f2617c58d5d06806987308b45654351,3983.27,22,12.28,3.87
dd533b429f380718b70ad9922c294bae,3970.98,41,16.81,3.73
4da0e408c99d2fdc2126dc9fce518060,3964.73,44,9.16,4.44
b1ac6ea7895bc3dd6f0f6f4abbdd2821,3964.33,40,10.18,4.27
432c37c9dfba871172ec162e20118b8c,3938.54,46,15.7,4.18
f7ccf836d21b2fb1de37564105216cc1,3910.44,70,11.04,3.82
f4db9b37944bcb8873e6b456ee190bbf,3909.94,21,13.3,4.55
a17f621c590ea0fab3d5d883e1630ec6,3901.54,65,11.66,4.09
c9aafcd0621b2207c10e32c649cada4d,3885.9,44,9.01,4.02
0c7533c71df861ec58ad7ff999ed0e8d,3863.51,61,10.6,4.08
960945e1a9535cbc0cd6ddd35fbe7ae8,3861.53,28,6.06,4.66
aae3bfea055532c57fb453ed3ec80b30,3857.17,48,12.44,3.55
3b872fd4747f01cc56206f2934198618,3843.11,25,14.42,3.89
e48b04bf1aa1ef711caebeb7aede6180,3832.73,25,10.54,4.48
5f1dc28029d2c244352a68107ec2b542,3803.46,62,9.36,4.43
c8b3445d737de6befde0c88ede534a5e,3800.79,30,11.38,3.97
244c2f1bff6afe1f2eaf9bfe9b2aed38,3794.87,23,15.37,3.81
977f9f63dd360c2a32ece2f93ad6d306,3793.85,24,12.52,3.8
a938325a4b357fd23a6a4d5bb126408e,3791.81,24,13.12,3.88
cb3dd9ce66268c7a3ca7241ac70ab58c,3725.71,50,13.81,4.17
430315b7bb4b6e4b3c978f9dfa9b0558,3704.63,20,14.36,4.0
cce6ab8d1682639fe45ab70234f1665f,3690.14,63,15.46,4.44
5c6d4016c2a288f074fa0848a2b653d2,3673.17,32,11.05,4.11
0ebd97a106433a45a4aebe57c1799778,3661.68,31,9.26,4.5
a6fe7de3d16f6149ffe280349a8535a0,3647.42,51,14.85,4.0
e89c4adbe7b1d0819dbb636e16461cf1,3636.15,24,14.79,3.88
318f287a62ab7ac10b703ac37435a231,3634.6,52,12.17,3.87
2a1348e9addc1af5aaa619b1a3679d6b,3631.4,52,27.2,3.0
b8555308bfdb4ca1ed54325a58da9a97,3630.03,26,10.29,4.07
d93919c944be9cff128f6c9cb899eacb,3624.01,33,22.92,4.0
974cf2cb8f4b7add98709c30df02fe10,3559.68,33,11.27,4.06
20d83f3ef0e6925fd74bfd59170babf7,3557.21,40,8.52,4.35
f593898ec748b7a8cb81fc04edafd98a,3541.12,20,18.03,3.48
8d79c8a04e42d722a75097ce5cbcf2ef,3535.16,27,19.57,4.46
f61c63d13f7cd800549d5acdd390ae72,3501.69,26,11.75,4.0
b335c59ab742f751a85db9c411a86739,3480.72,33,16.84,3.69
1771297ac436903d1dd6b0e9279aa505,3466.43,28,9.42,4.63
2156f2671501a81034d7d07f217609d0,3433.89,22,15.28,3.86
55f7a3319d80f7fdf078b8f03e6725fe,3420.45,22,6.78,3.77
f7720c4fa8e3aba4546301ab80ea1f1b,3418.97,60,9.92,4.2
1ce3ae5a399804d1a87e706f8a813c3e,3416.69,40,13.68,3.73
bd697db56ff8e7c9cd1abeb7f72029b2,3415.2,22,10.88,4.18
3fd1e727ba94cfe122d165e176ce7967,3394.42,37,15.64,3.82
5cbbd5a299cab112b7bf23862255e43e,3385.21,36,10.79,4.32
e99e927c81e3f51739c94fcdfca9f10f,3360.47,22,13.99,3.56
cd06602b43d8800bd0afad514919d35c,3335.33,44,11.96,3.68
31561f325664a8a7aba4c8d0c3a9b3db,3329.36,36,7.35,4.58
fd386aa7bed2af3c7035c65506c9b4a3,3316.17,69,8.33,4.36
33576ec5412fb5905d876f12f33bfde6,3287.98,31,14.65,4.13
efcd8d2104f1a05d028af7bad20d974b,3280.19,47,10.23,4.18
730937bf88cb151eb2eb849f642fc213,3277.17,22,7.13,4.42
850913d59ce317156b00f3705f1c3edb,3270.96,32,13.46,3.35
b494891378bd8f4560abe576c52deacd,3270.82,20,5.22,4.64
ede0c03645598cdfc63ca8237acbe73d,3269.87,46,18.4,3.62
df56d7b40d437f88407c5f78b63bc328,3251.5,22,12.27,3.88
4992e76a42cb3aad7a7047e0d3d7e729,3218.57,57,8.29,3.84
8ab42aa58097fd4668d60cc648225d5f,3210.39,20,11.15,4.15
6338ea67c41078a46ad99cc009654956,3210.39,37,13.2,4.61
4342d4b2ba6b161468c63a7e7cfce593,3163.31,20,15.68,1.26
0885aaf116795758dfeb5f1032487bcd,3162.32,28,5.74,4.2
157c3e4b42f81ac4a44e8b1ca2fe9876,3131.82,23,10.38,3.97
82bd0703a4aefd6b599e5bfdaed378fb,3084.84,21,12.24,3.67
b74d1c09cb380e1d03a6f859c6f4224b,3053.2,31,11.47,4.21
ccf8813e5a7d6c84d865cd38bfc2b130,3051.29,26,11.43,4.38
3504c0cb71d7fa48d967e0e4c94d59d9,3037.31,53,7.33,4.42
5a93f3ab0ef4c84ed5e1b5dbf23978bc,3035.39,39,15.05,4.73
0bb738e4d789e63e2267697c42d35a2d,3030.64,30,11.94,4.58
1d4587203296c8f4ad134dc286fa6db0,3027.54,42,9.53,4.3
f214d28e8d8e3ef068748498ccc2f813,3021.52,54,10.17,4.02
b56906f7fd1696e043f1bcce164c487b,2995.42,40,13.58,3.95
d3f39f05462b79a4562d35893a28f159,2968.77,34,12.12,3.37
cac876b37d3abcd6bd76caca30277996,2958.79,27,12.07,4.56
323ce52b5b81df2cd804b017b7f09aa7,2955.67,30,17.06,4.31
116ccb1a1604bc88e4d234a8c23f33de,2948.33,61,8.78,4.6
daeb5653dd96c1b11860f72209795012,2938.06,40,11.44,4.11
5160d23075764e18e07c1f4a87fad743,2915.42,34,9.39,4.46
1c40343cc5d18c2d8248ac2f3366de34,2839.42,21,7.4,4.55
cea729054f157f5870bdd321a958d994,2831.62,24,7.26,4.19
0ed6ce5d87fd9c69eaacaeb778d67235,2829.25,43,16.0,4.4
c013e57c075a06e5b5c48ee03c525719,2828.66,42,9.36,4.16
e9511df20ccd82658a30c37b7fb343af,2823.1,22,9.66,4.47
14a08204d03bb6b6bde8029f801ae0eb,2779.1,28,8.63,3.82
729b2d09b2a0bdab221076327f13d050,2768.66,49,12.24,4.52
f615fe7efbef0f4f08fd3086bc7a3e60,2748.96,23,7.5,4.38
0ffa40d54288e4f3499b8780dd0f144f,2746.47,33,13.46,4.4
e38db885400cd35c71dfd162f2c1dbcf,2737.55,30,12.69,4.5
6df688df543f90e9b38f4319e75a9d88,2733.56,40,8.29,4.52
78c99c6dff4eeae5be99bf635ed21e3f,2695.77,31,13.99,4.33
fb89df7f89fd1b8f03fa2acca1ba7364,2687.43,22,15.55,3.84
dc8798cbf453b7e0f98745e396cc5616,2680.7,41,13.69,3.15
cfe94489ddd337d1e29e12f2a7205d10,2672.82,20,7.77,4.13
7f7b8245c336066a1f9933c359f11d77,2630.23,38,7.92,4.56
77a515caa36327151d1cc6c32a9f00e1,2613.58,26,10.34,4.42
412a4720f3e9431b4afa1476a1acddbe,2569.16,21,10.47,4.27
b83cedfb587e7911540e3f576d6917ce,2568.75,24,10.08,4.24
3481aa57cd91f9f9d3fa1fa12d9a3bf7,2547.17,25,10.19,3.88
e6a69c4a27dfdd98ffe5aa757ad744bc,2518.94,24,10.27,3.62
bf84056e679dbe9c69929847a40e338f,2477.32,36,12.36,3.73
272f092de69afedd4d2969440b37f18f,2471.34,26,9.35,3.99
4c8b8048e33af2bf94f2eb547746a916,2458.81,23,19.07,3.11
c8467937e403e76a8ee9f0ab13f6f5ef,2442.74,30,16.68,4.13
93b9a99027bd8bd6af682aff18dd19bf,2420.11,20,11.37,4.1
5debea795b07621e1f90532e18f96145,2388.13,25,10.31,4.27
d97df38225e5abadaff1e72cb72b823c,2362.92,29,12.15,3.93
f41ce2e25237f9092cd8e6e7516c7a2f,2362.6,27,8.66,4.32
25cf099de44674fde97473224f9d59ab,2359.55,50,9.39,4.33
3586b8580d9c917874e053a1bb37b5ff,2352.35,36,14.06,4.44
7ade73f1b9b4e965f9009a4c3a7e2c15,2338.17,27,9.68,4.78
bf100ecb7997df312b285358fb32f92c,2337.01,20,9.66,4.37
4e5725ba188db8252977a4f0227bd462,2313.2,22,20.76,3.44
95ec4458365c4d11f452ccf538377619,2303.43,27,5.76,4.27
1dc2de47ee26a0a5b12dc14fd6dc0dea,2287.5,25,14.69,4.52
2a6fbeaa7ab9e5d59a35841a8da71ce4,2265.28,30,14.51,3.93
c8417879a15366a17c30af34c798c332,2255.44,26,9.49,4.03
7139dc5186aa238b006e066d8fbab2e4,2247.93,22,14.19,4.09
a36b125ac6d5fdbc7f50de85c9157bdc,2232.63,24,12.93,4.04
392e0502231ae2f8b29994ef6398cd77,2227.59,20,17.71,4.16
198c7ea11960a9844b544d9bcdca860c,2225.38,25,14.51,3.88
9b00ed88b7fdb95d6ff76e27c1b52d16,2203.36,47,9.05,4.51
411f3b52d857390502ee4e4d5ceabc2d,2182.72,21,8.47,4.26
a5a1bfcf728ab0e19182959cf0771ee4,2160.85,21,13.62,4.29
d9a84e1403de8da0c3aa531d6d108ba6,2157.34,54,7.47,4.56
d1ef48b38baca7e831711c4a0aeb398f,2144.69,29,9.79,4.43
1dfe5347016252a7884b694d4f10f5c4,2129.73,21,19.46,3.19
d3674f271c91f824f82d24d92011f669,2101.82,20,13.77,4.1
013900e863eace745d3ec7614cab5b1a,2089.37,23,11.49,4.73
ffc470761de7d0232558ba5e786e57b7,2087.13,28,10.08,4.3
75fbb52eda0cbc24f479d3b2fbfa8d3e,2074.51,40,13.9,4.4
7ecd59e5e20407131822c1a68ac59c1f,2054.52,24,17.43,4.48
845e8036c3f7bf62099352f5ed910240,2045.24,21,8.28,3.83
b2a6d334e2833acea353624840e25a0e,2038.59,25,10.7,4.5
3785b653b1b82de85ab47dd139938091,2033.27,21,11.33,4.75
002100f778ceb8431b7a1020ff7ab48f,2028.16,51,16.19,3.98
e63e8bfa530fb16910dd6956e592bb81,1979.17,42,9.34,4.26
718539d38d07dd351c76db862760e2e2,1977.95,37,7.96,4.33
52f0fe436a347ddad7ed5f9aa4e27eaa,1960.9,21,13.99,3.3
39d54ff918774174706fb065d7f9dc07,1956.99,23,15.16,3.8
af3ef48d0e13835e529c29ac573c63e5,1873.13,21,7.93,3.76
2709af9587499e95e803a6498a5a56e9,1859.02,26,12.7,2.57
3771c85bac139d2344864ede5d9341e3,1842.26,26,12.77,3.57
d4e12e7884759a14fa0f5f896c791cae,1839.67,29,8.33,4.63
f918546be4bec7104d117789ba758b2b,1830.15,20,11.93,3.83
138dbe45fc62f1e244378131a6801526,1814.8,49,6.21,3.98
04e38a233f726ef161074ab1c9b0399a,1811.27,23,11.58,3.79
d8c7ba53e7e38711eaef8c2849d6d2e1,1788.34,22,8.11,4.5
01fd077212124329bac32490e8ef80d9,1783.36,31,7.99,4.31
5f3ae9136c875522250f8184f253413a,1773.76,43,7.68,4.58
ffff564a4f9085cd26170f4732393726,1770.86,20,12.5,2.1
7e26c750b4cb9f6766f58265ff9ebe95,1733.18,23,9.45,4.41
f08c008c8a8d31417763738a1788a2a8,1714.69,22,19.13,3.09
671585f5a2af58b6e276bc01003c0d2b,1692.11,27,5.59,4.7
57c764b4a836300be881e2ff86e449f9,1681.11,29,15.5,4.17
542917da124346b47ea1ac79a93ce454,1667.08,20,11.58,4.15
20cb7c2fde3e5bf10f0bbe7394e1c6a9,1660.28,32,12.15,3.84
42ef3192a9ff87a22d1867b74b3ee205,1655.97,23,9.31,4.65
52f9db5cfb423382a2fa5c9e39303202,1628.54,22,10.04,4.17
0afccdb8a34ee5c79f7c06faf2b4d56e,1613.78,25,13.47,4.04
6426d21aca402a131fc0a5d0960a3c90,1593.82,23,10.96,4.17
093805f8f2aeb63881444571e1f48f30,1559.73,22,8.17,3.81
113e3a788b935f48aad63e1c41dac1bd,1533.95,39,12.04,4.4
1caf283236cd69af44cbc09a0a1e7d32,1530.25,33,14.05,4.54
4e06067cc08b3f41d837768d392c3ee3,1514.25,31,9.79,4.17
1464afc72f696af775557a821c2e253f,1513.78,29,11.26,4.17
325f3178fb58e2a9778334621eecdbf9,1433.37,36,6.28,4.46
bc47d5d1490df2b36add65d733eafaba,1419.91,24,13.24,3.28
8fdca8e349553f99bc738833a62c8802,1370.22,22,10.3,4.36
7c5b05cbdb5542049f38d90d7815b97d,1345.46,22,7.82,4.42
ef2fbc2b607d8492bcffe657a4645434,1333.69,20,7.0,3.91
4ebdc7e6cd6102a022dadc49156d4ea8,1297.9,29,10.18,3.75
6a8a889bde935bafa76d7848782dfaf9,1228.62,26,7.56,3.93
4200ddf1967c5e41e48db62bc6d4b5ac,1222.73,22,8.98,4.24
bf00385a5f7fc1ef39a13c2e9ee50a5f,1213.03,29,5.77,4.31
18e694e0e48ed6f7aa3f24aade5fd697,1205.77,31,6.08,4.68
10076e5788b8ee532724bcd460baf762,1198.78,23,9.81,4.62
28f10b1c5e5abb9d4857745bede6147c,1185.42,28,7.64,4.0
3d5d0dc7073a299e31fa718ce1bc00b6,1178.13,23,8.34,4.17
e21a1e8be4715b0fcfd5385643bc49c4,1175.89,21,16.57,3.67
808d4348b916efa08e766ebad39f61eb,1014.92,21,7.96,4.43
41c2bad7229b0c25e6becf179ebf63ff,971.92,20,4.66,4.96
0d33a55da925bbf1ff02af5f6059fc7f,932.91,22,8.8,4.5
6b15924333bd1a741595fe981ea04822,854.46,21,7.78,4.67
916748bc99315c2d202898ae58b1617e,746.51,25,10.4,4.34
48efc9d94a9834137efd9ea76b065a38,666.0,33,10.83,5.0
5c853bb56f70f4d14218944bae111d7a,514.19,23,8.61,4.04
